source,term_name,term_id,highlighted,adjusted_p_value,negative_log10_of_adjusted_p_value,term_size,query_size,intersection_size,effective_domain_size,intersections
GO:MF,structural molecule activity,GO:0005198,TRUE,6.50E-15,14.18721428,1107,37,21,20195,"A0A024QZZ7,A0A024R694,A0A024RCJ2,A0A024RCJ9,A0A024RCL8,A0A2R8Y811,A0A384MEE3,P0DPH7,P0DPH8,P23396,P23527,P57053,P60709,P68363,P68371,Q16778,Q5QNW6,Q71U36,Q93079,Q99879,Q99880"
GO:MF,structural constituent of chromatin,GO:0030527,FALSE,9.17E-15,14.03762177,101,37,11,20195,"A0A024QZZ7,A0A024RCJ2,A0A024RCJ9,A0A024RCL8,P23527,P57053,Q16778,Q5QNW6,Q93079,Q99879,Q99880"
GO:MF,protein heterodimerization activity,GO:0046982,TRUE,1.83E-11,10.73814663,365,37,13,20195,"A0A024QZZ7,A0A024RCJ2,A0A024RCJ9,A0A024RCL8,A0A384MEE3,P23527,P57053,Q16778,Q5QNW6,Q71U36,Q93079,Q99879,Q99880"
GO:MF,protein dimerization activity,GO:0046983,FALSE,9.90E-09,8.004469915,1099,37,16,20195,"A0A024QZZ7,A0A024R694,A0A024RCJ2,A0A024RCJ9,A0A024RCL8,A0A024RD80,A0A384MEE3,K9JA46,P23527,P57053,Q16778,Q5QNW6,Q71U36,Q93079,Q99879,Q99880"
GO:MF,heterocyclic compound binding,GO:1901363,TRUE,2.41E-08,7.618394467,7455,37,33,20195,"A0A024QZ30,A0A024QZZ7,A0A024R324,A0A024R3Q0,A0A024R3X4,A0A024R694,A0A024RCJ2,A0A024RCJ9,A0A024RCL8,A0A024RD80,A0A2R8Y811,A0A384MEE3,A0A7P0TAW3,A0A804HK76,A8KAH9,K9JA46,P02768,P0DPH7,P0DPH8,P23396,P23527,P27797,P48735,P57053,P60709,P68363,P68371,Q16778,Q5QNW6,Q71U36,Q93079,Q99879,Q99880"
GO:MF,organic cyclic compound binding,GO:0097159,FALSE,3.26E-08,7.486166709,7529,37,33,20195,"A0A024QZ30,A0A024QZZ7,A0A024R324,A0A024R3Q0,A0A024R3X4,A0A024R694,A0A024RCJ2,A0A024RCJ9,A0A024RCL8,A0A024RD80,A0A2R8Y811,A0A384MEE3,A0A7P0TAW3,A0A804HK76,A8KAH9,K9JA46,P02768,P0DPH7,P0DPH8,P23396,P23527,P27797,P48735,P57053,P60709,P68363,P68371,Q16778,Q5QNW6,Q71U36,Q93079,Q99879,Q99880"
GO:MF,structural constituent of cytoskeleton,GO:0005200,FALSE,4.23E-07,6.373929881,109,37,7,20195,"A0A384MEE3,P0DPH7,P0DPH8,P60709,P68363,P68371,Q71U36"
GO:MF,GTP binding,GO:0005525,FALSE,6.17E-07,6.210002519,391,37,10,20195,"A0A024R324,A0A024R3Q0,A0A384MEE3,A8KAH9,K9JA46,P0DPH7,P0DPH8,P68363,P68371,Q71U36"
GO:MF,guanyl nucleotide binding,GO:0019001,FALSE,1.04E-06,5.981350225,413,37,10,20195,"A0A024R324,A0A024R3Q0,A0A384MEE3,A8KAH9,K9JA46,P0DPH7,P0DPH8,P68363,P68371,Q71U36"
GO:MF,guanyl ribonucleotide binding,GO:0032561,FALSE,1.04E-06,5.981350225,413,37,10,20195,"A0A024R324,A0A024R3Q0,A0A384MEE3,A8KAH9,K9JA46,P0DPH7,P0DPH8,P68363,P68371,Q71U36"
GO:MF,double-stranded RNA binding,GO:0003725,TRUE,0.000111987,3.950833657,76,37,5,20195,"A0A024R3X4,A0A024R694,A0A024RD80,P68363,P68371"
GO:MF,nucleic acid binding,GO:0003676,FALSE,0.000140812,3.851360304,5476,37,25,20195,"A0A024QZZ7,A0A024R3Q0,A0A024R3X4,A0A024R694,A0A024RCJ2,A0A024RCJ9,A0A024RCL8,A0A024RD80,A0A2R8Y811,A0A7P0TAW3,A0A804HK76,K9JA46,P02768,P23396,P23527,P27797,P57053,P60709,P68363,P68371,Q16778,Q5QNW6,Q93079,Q99879,Q99880"
GO:MF,ribonucleoside triphosphate phosphatase activity,GO:0017111,TRUE,0.000164021,3.785099738,707,37,10,20195,"A0A024R324,A0A024R3Q0,A0A024R3X4,A0A024RD80,A0A384MEE3,A0A7P0TAW3,A8KAH9,K9JA46,P68363,P68371"
GO:MF,nucleotide binding,GO:0000166,FALSE,0.000189923,3.721422172,2178,37,16,20195,"A0A024QZ30,A0A024R324,A0A024R3Q0,A0A024R3X4,A0A024RD80,A0A384MEE3,A0A7P0TAW3,A8KAH9,K9JA46,P0DPH7,P0DPH8,P48735,P60709,P68363,P68371,Q71U36"
GO:MF,nucleoside phosphate binding,GO:1901265,FALSE,0.000191122,3.718690229,2179,37,16,20195,"A0A024QZ30,A0A024R324,A0A024R3Q0,A0A024R3X4,A0A024RD80,A0A384MEE3,A0A7P0TAW3,A8KAH9,K9JA46,P0DPH7,P0DPH8,P48735,P60709,P68363,P68371,Q71U36"
GO:MF,small molecule binding,GO:0036094,FALSE,0.000334953,3.475016387,2584,37,17,20195,"A0A024QZ30,A0A024R324,A0A024R3Q0,A0A024R3X4,A0A024RD80,A0A384MEE3,A0A7P0TAW3,A8KAH9,K9JA46,P02768,P0DPH7,P0DPH8,P48735,P60709,P68363,P68371,Q71U36"
GO:MF,pyrophosphatase activity,GO:0016462,FALSE,0.000357892,3.446248015,770,37,10,20195,"A0A024R324,A0A024R3Q0,A0A024R3X4,A0A024RD80,A0A384MEE3,A0A7P0TAW3,A8KAH9,K9JA46,P68363,P68371"
GO:MF,"hydrolase activity, acting on acid anhydrides, in phosphorus-containing anhydrides",GO:0016818,FALSE,0.000362142,3.44112083,771,37,10,20195,"A0A024R324,A0A024R3Q0,A0A024R3X4,A0A024RD80,A0A384MEE3,A0A7P0TAW3,A8KAH9,K9JA46,P68363,P68371"
GO:MF,"hydrolase activity, acting on acid anhydrides",GO:0016817,FALSE,0.000362142,3.44112083,771,37,10,20195,"A0A024R324,A0A024R3Q0,A0A024R3X4,A0A024RD80,A0A384MEE3,A0A7P0TAW3,A8KAH9,K9JA46,P68363,P68371"
GO:MF,purine nucleotide binding,GO:0017076,FALSE,0.000447259,3.349440803,2019,37,15,20195,"A0A024R324,A0A024R3Q0,A0A024R3X4,A0A024RD80,A0A384MEE3,A0A7P0TAW3,A8KAH9,K9JA46,P0DPH7,P0DPH8,P48735,P60709,P68363,P68371,Q71U36"
GO:MF,ubiquitin-like protein ligase binding,GO:0044389,TRUE,0.000618792,3.208455396,315,37,7,20195,"A0A024R3X4,A0A024RD80,A0A7P0TAW3,K9JA46,P27797,P68363,Q93079"
GO:MF,unfolded protein binding,GO:0051082,TRUE,0.000846257,3.072497981,114,37,5,20195,"A0A024R3X4,A0A024RD80,K9JA46,P27797,P68371"
GO:MF,purine ribonucleoside triphosphate binding,GO:0035639,FALSE,0.000946845,3.023721133,1848,37,14,20195,"A0A024R324,A0A024R3Q0,A0A024R3X4,A0A024RD80,A0A384MEE3,A0A7P0TAW3,A8KAH9,K9JA46,P0DPH7,P0DPH8,P60709,P68363,P68371,Q71U36"
GO:MF,anion binding,GO:0043168,FALSE,0.000976339,3.010399251,2458,37,16,20195,"A0A024QZ30,A0A024R324,A0A024R3Q0,A0A024R3X4,A0A024RD80,A0A384MEE3,A0A7P0TAW3,A8KAH9,K9JA46,P02768,P0DPH7,P0DPH8,P60709,P68363,P68371,Q71U36"
GO:MF,hydrolase activity,GO:0016787,FALSE,0.001093753,2.96108069,2479,37,16,20195,"A0A024R324,A0A024R3Q0,A0A024R3X4,A0A024RD80,A0A384MEE3,A0A7P0TAW3,A8KAH9,K9JA46,P0DPH7,P0DPH8,P23396,P60709,P68363,P68371,Q71U36"
GO:MF,DNA binding,GO:0003677,FALSE,0.001389603,2.85710919,2524,37,16,20195,"A0A024QZZ7,A0A024R3X4,A0A024RCJ2,A0A024RCJ9,A0A024RCL8,P02768,P23396,P23527,P27797,P57053,P60709,Q16778,Q5QNW6,Q93079,Q99879,Q99880"
GO:MF,purine ribonucleotide binding,GO:0032555,FALSE,0.001463598,2.834578312,1917,37,14,20195,"A0A024R324,A0A024R3Q0,A0A024R3X4,A0A024RD80,A0A384MEE3,A0A7P0TAW3,A8KAH9,K9JA46,P0DPH7,P0DPH8,P60709,P68363,P68371,Q71U36"
GO:MF,ribonucleotide binding,GO:0032553,FALSE,0.001624673,2.789233948,1934,37,14,20195,"A0A024R324,A0A024R3Q0,A0A024R3X4,A0A024RD80,A0A384MEE3,A0A7P0TAW3,A8KAH9,K9JA46,P0DPH7,P0DPH8,P60709,P68363,P68371,Q71U36"
GO:MF,protein folding chaperone,GO:0044183,TRUE,0.001846187,2.733724358,60,37,4,20195,"A0A024R3X4,A0A024RD80,K9JA46,P27797"
GO:MF,carbohydrate derivative binding,GO:0097367,FALSE,0.002330924,2.63247181,2301,37,15,20195,"A0A024R324,A0A024R3Q0,A0A024R3X4,A0A024RCJ2,A0A024RD80,A0A384MEE3,A0A7P0TAW3,A8KAH9,K9JA46,P0DPH7,P0DPH8,P60709,P68363,P68371,Q71U36"
GO:MF,protein-containing complex binding,GO:0044877,TRUE,0.006283671,2.201786537,1311,37,11,20195,"A0A024R3X4,A0A024R694,A0A024RD80,A0A7P0TAW3,A0A804HK76,A8KAH9,K9JA46,P23396,P27797,P60709,Q71U36"
GO:MF,ubiquitin protein ligase binding,GO:0031625,FALSE,0.006511649,2.186309015,297,37,6,20195,"A0A024R3X4,A0A024RD80,A0A7P0TAW3,K9JA46,P27797,P68363"
GO:MF,Rho GDP-dissociation inhibitor binding,GO:0051022,TRUE,0.008355438,2.078030786,4,37,2,20195,"A0A024R324,K9JA46"
GO:MF,GTPase activity,GO:0003924,FALSE,0.012403232,1.906465122,333,37,6,20195,"A0A024R324,A0A024R3Q0,A0A384MEE3,A8KAH9,P68363,P68371"
GO:MF,ATP-dependent protein folding chaperone,GO:0140662,FALSE,0.012708968,1.895889728,33,37,3,20195,"A0A024R3X4,A0A024RD80,K9JA46"
GO:MF,GDP-dissociation inhibitor binding,GO:0051021,FALSE,0.013909642,1.856684053,5,37,2,20195,"A0A024R324,K9JA46"
GO:MF,TPR domain binding,GO:0030911,TRUE,0.020840361,1.681094756,6,37,2,20195,"A0A024RD80,K9JA46"
GO:MF,cytoskeletal protein binding,GO:0008092,TRUE,0.027811304,1.555778652,1008,37,9,20195,"A0A024R324,A0A024R694,A0A024RD80,A0A804HK76,J3QRS3,K9JA46,O14950,P23396,P60709"
GO:MF,tau protein binding,GO:0048156,FALSE,0.028386169,1.546893219,43,37,3,20195,"A0A024RD80,K9JA46,P60709"
GO:MF,nitric-oxide synthase regulator activity,GO:0030235,TRUE,0.029142806,1.535468629,7,37,2,20195,"A0A024RD80,K9JA46"
GO:MF,protein-folding chaperone binding,GO:0051087,TRUE,0.048081093,1.31802567,137,37,4,20195,"A0A024R3X4,P02768,P23396,P27797"
GO:BP,nucleosome assembly,GO:0006334,TRUE,2.09E-13,12.68052766,123,37,11,21110,"A0A024QZZ7,A0A024RCJ2,A0A024RCJ9,A0A024RCL8,P23527,P57053,Q16778,Q5QNW6,Q93079,Q99879,Q99880"
GO:BP,nucleosome organization,GO:0034728,FALSE,1.14E-12,11.94195798,143,37,11,21110,"A0A024QZZ7,A0A024RCJ2,A0A024RCJ9,A0A024RCL8,P23527,P57053,Q16778,Q5QNW6,Q93079,Q99879,Q99880"
GO:BP,protein-DNA complex assembly,GO:0065004,FALSE,5.13E-10,9.289989058,248,37,11,21110,"A0A024QZZ7,A0A024RCJ2,A0A024RCJ9,A0A024RCL8,P23527,P57053,Q16778,Q5QNW6,Q93079,Q99879,Q99880"
GO:BP,protein-DNA complex subunit organization,GO:0071824,FALSE,1.25E-09,8.904352521,269,37,11,21110,"A0A024QZZ7,A0A024RCJ2,A0A024RCJ9,A0A024RCL8,P23527,P57053,Q16778,Q5QNW6,Q93079,Q99879,Q99880"
GO:BP,chromatin remodeling,GO:0006338,FALSE,3.15E-08,7.502107583,481,37,12,21110,"A0A024QZZ7,A0A024RCJ2,A0A024RCJ9,A0A024RCL8,P23527,P57053,P60709,Q16778,Q5QNW6,Q93079,Q99879,Q99880"
GO:BP,chromatin organization,GO:0006325,FALSE,1.76E-06,5.755012997,683,37,12,21110,"A0A024QZZ7,A0A024RCJ2,A0A024RCJ9,A0A024RCL8,P23527,P57053,P60709,Q16778,Q5QNW6,Q93079,Q99879,Q99880"
GO:BP,cellular component organization,GO:0016043,FALSE,3.37E-05,4.472615795,8138,37,31,21110,"A0A024QZZ7,A0A024R324,A0A024R3Q0,A0A024R3X4,A0A024R694,A0A024RCJ2,A0A024RCJ9,A0A024RCL8,A0A024RD80,A0A2R8Y811,A0A384MEE3,A0A384MTR2,A0A7P0TAW3,A0A804HK76,A8KAH9,K9JA46,P0DPH7,P0DPH8,P23396,P23527,P27797,P57053,P60709,P68363,P68371,Q16778,Q5QNW6,Q71U36,Q93079,Q99879,Q99880"
GO:BP,cellular component organization or biogenesis,GO:0071840,FALSE,6.71E-05,4.173447821,8345,37,31,21110,"A0A024QZZ7,A0A024R324,A0A024R3Q0,A0A024R3X4,A0A024R694,A0A024RCJ2,A0A024RCJ9,A0A024RCL8,A0A024RD80,A0A2R8Y811,A0A384MEE3,A0A384MTR2,A0A7P0TAW3,A0A804HK76,A8KAH9,K9JA46,P0DPH7,P0DPH8,P23396,P23527,P27797,P57053,P60709,P68363,P68371,Q16778,Q5QNW6,Q71U36,Q93079,Q99879,Q99880"
GO:BP,protein-containing complex assembly,GO:0065003,FALSE,0.000108445,3.96479026,3270,37,20,21110,"A0A024QZZ7,A0A024R324,A0A024R3X4,A0A024RCJ2,A0A024RCJ9,A0A024RCL8,A0A024RD80,A0A2R8Y811,A0A7P0TAW3,K9JA46,P23396,P23527,P27797,P57053,Q16778,Q5QNW6,Q71U36,Q93079,Q99879,Q99880"
GO:BP,cytoskeleton organization,GO:0007010,TRUE,0.000188411,3.724893757,1513,37,14,21110,"A0A024R324,A0A024R3Q0,A0A024R694,A0A384MEE3,A0A7P0TAW3,A0A804HK76,P0DPH7,P0DPH8,P23396,P27797,P60709,P68363,P68371,Q71U36"
GO:BP,innate immune response in mucosa,GO:0002227,TRUE,0.000264393,3.577749348,28,37,4,21110,"A0A024RCJ2,A0A024RCL8,P57053,Q16778"
GO:BP,protein-containing complex organization,GO:0043933,FALSE,0.000278385,3.555354061,3456,37,20,21110,"A0A024QZZ7,A0A024R324,A0A024R3X4,A0A024RCJ2,A0A024RCJ9,A0A024RCL8,A0A024RD80,A0A2R8Y811,A0A7P0TAW3,K9JA46,P23396,P23527,P27797,P57053,Q16778,Q5QNW6,Q71U36,Q93079,Q99879,Q99880"
GO:BP,cellular component assembly,GO:0022607,FALSE,0.000292867,3.533329459,4661,37,23,21110,"A0A024QZZ7,A0A024R324,A0A024R3X4,A0A024R694,A0A024RCJ2,A0A024RCJ9,A0A024RCL8,A0A024RD80,A0A2R8Y811,A0A7P0TAW3,A8KAH9,K9JA46,P23396,P23527,P27797,P57053,P60709,Q16778,Q5QNW6,Q71U36,Q93079,Q99879,Q99880"
GO:BP,cellular component biogenesis,GO:0044085,FALSE,0.00085966,3.0656733,4930,37,23,21110,"A0A024QZZ7,A0A024R324,A0A024R3X4,A0A024R694,A0A024RCJ2,A0A024RCJ9,A0A024RCL8,A0A024RD80,A0A2R8Y811,A0A7P0TAW3,A8KAH9,K9JA46,P23396,P23527,P27797,P57053,P60709,Q16778,Q5QNW6,Q71U36,Q93079,Q99879,Q99880"
GO:BP,mucosal immune response,GO:0002385,FALSE,0.001047589,2.979809064,39,37,4,21110,"A0A024RCJ2,A0A024RCL8,P57053,Q16778"
GO:BP,organ or tissue specific immune response,GO:0002251,FALSE,0.001563964,2.805773132,43,37,4,21110,"A0A024RCJ2,A0A024RCL8,P57053,Q16778"
GO:BP,microtubule cytoskeleton organization,GO:0000226,FALSE,0.002342534,2.630314154,653,37,9,21110,"A0A024R324,A0A384MEE3,A0A7P0TAW3,P0DPH7,P0DPH8,P23396,P68363,P68371,Q71U36"
GO:BP,organelle organization,GO:0006996,FALSE,0.003181467,2.497372631,3608,37,19,21110,"A0A024R324,A0A024R3Q0,A0A024R3X4,A0A024R694,A0A024RD80,A0A2R8Y811,A0A384MEE3,A0A384MTR2,A0A7P0TAW3,A0A804HK76,K9JA46,P0DPH7,P0DPH8,P23396,P27797,P60709,P68363,P68371,Q71U36"
GO:BP,mitotic cell cycle,GO:0000278,TRUE,0.004762523,2.322162896,922,37,10,21110,"A0A024R324,A0A024R3Q0,A0A384MEE3,A0A7P0TAW3,P0DPH7,P0DPH8,P60709,P68363,P68371,Q71U36"
GO:BP,regulation of apoptotic process,GO:0042981,TRUE,0.006908393,2.160622939,1459,37,12,21110,"A0A024R324,A0A024R3X4,A0A024R694,A0A024RD80,A0A384MTR2,A0A7P0TAW3,K9JA46,P02768,P23396,P27797,P60709"
GO:BP,biological process involved in interspecies interaction between organisms,GO:0044419,TRUE,0.007543095,2.122450426,1752,37,13,21110,"A0A024R324,A0A024R3Q0,A0A024R3X4,A0A024RCJ2,A0A024RCL8,A0A024RD80,A0A384MTR2,A0A804HK76,K9JA46,P27797,P57053,P68371,Q16778"
GO:BP,antibacterial humoral response,GO:0019731,TRUE,0.007843318,2.105500203,64,37,4,21110,"A0A024RCJ2,A0A024RCL8,P57053,Q16778"
GO:BP,regulation of programmed cell death,GO:0043067,FALSE,0.008645833,2.063193178,1491,37,12,21110,"A0A024R324,A0A024R3X4,A0A024R694,A0A024RD80,A0A384MTR2,A0A7P0TAW3,K9JA46,P02768,P23396,P27797,P60709"
GO:BP,cell cycle,GO:0007049,FALSE,0.011827485,1.927107608,1825,37,13,21110,"A0A024R324,A0A024R3Q0,A0A024RD80,A0A384MEE3,A0A7P0TAW3,P0DPH7,P0DPH8,P23396,P27797,P60709,P68363,P68371,Q71U36"
GO:BP,chaperone-mediated protein complex assembly,GO:0051131,TRUE,0.014280416,1.845259139,23,37,3,21110,"A0A024R3X4,A0A024RD80,K9JA46"
GO:BP,response to other organism,GO:0051707,FALSE,0.015779039,1.801919457,1581,37,12,21110,"A0A024R324,A0A024R3Q0,A0A024R3X4,A0A024RCJ2,A0A024RCL8,A0A384MTR2,A0A804HK76,K9JA46,P27797,P57053,P68371,Q16778"
GO:BP,response to external biotic stimulus,GO:0043207,FALSE,0.016087291,1.793517077,1584,37,12,21110,"A0A024R324,A0A024R3Q0,A0A024R3X4,A0A024RCJ2,A0A024RCL8,A0A384MTR2,A0A804HK76,K9JA46,P27797,P57053,P68371,Q16778"
GO:BP,response to external stimulus,GO:0009605,FALSE,0.018766978,1.72660565,2900,37,16,21110,"A0A024R324,A0A024R3Q0,A0A024R3X4,A0A024RCJ2,A0A024RCL8,A0A384MEE3,A0A384MTR2,A0A804HK76,K9JA46,P02768,P27797,P57053,P68371,Q16778,Q71U36"
GO:BP,apoptotic process,GO:0006915,FALSE,0.018898369,1.723575678,1905,37,13,21110,"A0A024R324,A0A024R3X4,A0A024R694,A0A024RD80,A0A384MTR2,A0A7P0TAW3,K9JA46,P02768,P23396,P27797,P60709,Q71U36"
GO:BP,response to biotic stimulus,GO:0009607,FALSE,0.020350384,1.691427383,1621,37,12,21110,"A0A024R324,A0A024R3Q0,A0A024R3X4,A0A024RCJ2,A0A024RCL8,A0A384MTR2,A0A804HK76,K9JA46,P27797,P57053,P68371,Q16778"
GO:BP,antimicrobial humoral immune response mediated by antimicrobial peptide,GO:0061844,TRUE,0.023230192,1.633947193,84,37,4,21110,"A0A024RCJ2,A0A024RCL8,P57053,Q16778"
GO:BP,regulation of cell death,GO:0010941,FALSE,0.024061444,1.618678317,1648,37,12,21110,"A0A024R324,A0A024R3X4,A0A024R694,A0A024RD80,A0A384MTR2,A0A7P0TAW3,K9JA46,P02768,P23396,P27797,P60709"
GO:BP,programmed cell death,GO:0012501,FALSE,0.025870652,1.587192626,1961,37,13,21110,"A0A024R324,A0A024R3X4,A0A024R694,A0A024RD80,A0A384MTR2,A0A7P0TAW3,K9JA46,P02768,P23396,P27797,P60709,Q71U36"
GO:BP,cellular response to chemical stimulus,GO:0070887,TRUE,0.041450289,1.382472434,2722,37,15,21110,"A0A024R324,A0A024R3X4,A0A024RCJ2,A0A024RD80,A0A384MTR2,A0A7P0TAW3,A0A804HK76,A8KAH9,P02768,P23396,P27797,P60709,P68363,Q71U36"
GO:BP,regulation of cysteine-type endopeptidase activity involved in apoptotic process,GO:0043281,TRUE,0.044275773,1.353833847,203,37,5,21110,"A0A024R324,A0A024R3X4,A0A384MTR2,A0A7P0TAW3,P23396"
GO:BP,microtubule-based process,GO:0007017,FALSE,0.04564462,1.340610407,943,37,9,21110,"A0A024R324,A0A384MEE3,A0A7P0TAW3,P0DPH7,P0DPH8,P23396,P68363,P68371,Q71U36"
GO:CC,extracellular exosome,GO:0070062,TRUE,1.79E-16,15.74594971,2109,37,26,22122,"A0A024QZZ7,A0A024R324,A0A024R3Q0,A0A024R3X4,A0A024R694,A0A024RCJ9,A0A024RD80,A0A2R8Y811,A0A7P0TAW3,A0A804HK76,A8KAH9,J3QRS3,K9JA46,O14950,P02768,P23396,P27797,P48735,P60709,P68371,Q16778,Q5QNW6,Q71U36,Q93079,Q99879,Q99880"
GO:CC,extracellular vesicle,GO:1903561,FALSE,2.38E-16,15.62291087,2133,37,26,22122,"A0A024QZZ7,A0A024R324,A0A024R3Q0,A0A024R3X4,A0A024R694,A0A024RCJ9,A0A024RD80,A0A2R8Y811,A0A7P0TAW3,A0A804HK76,A8KAH9,J3QRS3,K9JA46,O14950,P02768,P23396,P27797,P48735,P60709,P68371,Q16778,Q5QNW6,Q71U36,Q93079,Q99879,Q99880"
GO:CC,extracellular organelle,GO:0043230,FALSE,2.41E-16,15.61781601,2134,37,26,22122,"A0A024QZZ7,A0A024R324,A0A024R3Q0,A0A024R3X4,A0A024R694,A0A024RCJ9,A0A024RD80,A0A2R8Y811,A0A7P0TAW3,A0A804HK76,A8KAH9,J3QRS3,K9JA46,O14950,P02768,P23396,P27797,P48735,P60709,P68371,Q16778,Q5QNW6,Q71U36,Q93079,Q99879,Q99880"
GO:CC,extracellular membrane-bounded organelle,GO:0065010,FALSE,2.41E-16,15.61781601,2134,37,26,22122,"A0A024QZZ7,A0A024R324,A0A024R3Q0,A0A024R3X4,A0A024R694,A0A024RCJ9,A0A024RD80,A0A2R8Y811,A0A7P0TAW3,A0A804HK76,A8KAH9,J3QRS3,K9JA46,O14950,P02768,P23396,P27797,P48735,P60709,P68371,Q16778,Q5QNW6,Q71U36,Q93079,Q99879,Q99880"
GO:CC,nucleosome,GO:0000786,TRUE,6.27E-16,15.20261279,135,37,12,22122,"A0A024QZZ7,A0A024RCJ2,A0A024RCJ9,A0A024RCL8,P23527,P57053,P60709,Q16778,Q5QNW6,Q93079,Q99879,Q99880"
GO:CC,extracellular space,GO:0005615,FALSE,5.27E-15,14.27853628,3384,37,29,22122,"A0A024QZZ7,A0A024R324,A0A024R3Q0,A0A024R3X4,A0A024R694,A0A024RCJ2,A0A024RCJ9,A0A024RCL8,A0A024RD80,A0A2R8Y811,A0A7P0TAW3,A0A804HK76,A8KAH9,J3QRS3,K9JA46,O14950,P02768,P23396,P27797,P48735,P57053,P60709,P68371,Q16778,Q5QNW6,Q71U36,Q93079,Q99879,Q99880"
GO:CC,protein-DNA complex,GO:0032993,FALSE,6.02E-13,12.22051244,237,37,12,22122,"A0A024QZZ7,A0A024RCJ2,A0A024RCJ9,A0A024RCL8,P23527,P57053,P60709,Q16778,Q5QNW6,Q93079,Q99879,Q99880"
GO:CC,extracellular region,GO:0005576,FALSE,2.54E-12,11.59471024,4236,37,29,22122,"A0A024QZZ7,A0A024R324,A0A024R3Q0,A0A024R3X4,A0A024R694,A0A024RCJ2,A0A024RCJ9,A0A024RCL8,A0A024RD80,A0A2R8Y811,A0A7P0TAW3,A0A804HK76,A8KAH9,J3QRS3,K9JA46,O14950,P02768,P23396,P27797,P48735,P57053,P60709,P68371,Q16778,Q5QNW6,Q71U36,Q93079,Q99879,Q99880"
GO:CC,vesicle,GO:0031982,FALSE,7.77E-12,11.10969974,3998,37,28,22122,"A0A024QZZ7,A0A024R324,A0A024R3Q0,A0A024R3X4,A0A024R694,A0A024RCJ9,A0A024RD80,A0A2R8Y811,A0A384MTR2,A0A7P0TAW3,A0A804HK76,A8KAH9,J3QRS3,K9JA46,O14950,P02768,P23396,P27797,P48735,P60709,P68371,Q16778,Q5QNW6,Q71U36,Q93079,Q99879,Q99880"
GO:CC,cytosol,GO:0005829,FALSE,1.43E-11,10.84562788,5453,37,31,22122,"A0A024QZZ7,A0A024R324,A0A024R3Q0,A0A024R3X4,A0A024R694,A0A024RCJ2,A0A024RCJ9,A0A024RCL8,A0A024RD80,A0A2R8Y811,A0A384MTR2,A0A7P0TAW3,A0A804HK76,A8KAH9,J3QRS3,K9JA46,O14950,P23396,P23527,P27797,P48735,P57053,P60709,P68371,Q16778,Q5QNW6,Q71U36,Q93079,Q99879,Q99880"
GO:CC,cytoplasm,GO:0005737,FALSE,1.04E-07,6.980902103,12365,37,37,22122,"A0A024QZ30,A0A024QZZ7,A0A024R324,A0A024R3Q0,A0A024R3X4,A0A024R694,A0A024RCJ2,A0A024RCJ9,A0A024RCL8,A0A024RD80,A0A2R8Y811,A0A384MEE3,A0A384MTR2,A0A7P0TAW3,A0A804HK76,A8KAH9,J3QRS3,K9JA46,O14950,P02768,P0DPH7,P0DPH8,P23396,P23527,P27797,P48735,P57053,P60709,P68363,P68371,Q16778,Q5QNW6,Q71U36,Q93079,Q99879,Q99880"
GO:CC,intracellular non-membrane-bounded organelle,GO:0043232,FALSE,3.03E-07,6.51870887,6568,37,29,22122,"A0A024QZ30,A0A024QZZ7,A0A024R324,A0A024R3Q0,A0A024R694,A0A024RCJ2,A0A024RCJ9,A0A024RCL8,A0A024RD80,A0A2R8Y811,A0A384MEE3,A0A7P0TAW3,A0A804HK76,J3QRS3,O14950,P0DPH7,P0DPH8,P23396,P23527,P57053,P60709,P68363,P68371,Q16778,Q5QNW6,Q71U36,Q93079,Q99879,Q99880"
GO:CC,non-membrane-bounded organelle,GO:0043228,FALSE,3.04E-07,6.51699935,6569,37,29,22122,"A0A024QZ30,A0A024QZZ7,A0A024R324,A0A024R3Q0,A0A024R694,A0A024RCJ2,A0A024RCJ9,A0A024RCL8,A0A024RD80,A0A2R8Y811,A0A384MEE3,A0A7P0TAW3,A0A804HK76,J3QRS3,O14950,P0DPH7,P0DPH8,P23396,P23527,P57053,P60709,P68363,P68371,Q16778,Q5QNW6,Q71U36,Q93079,Q99879,Q99880"
GO:CC,focal adhesion,GO:0005925,TRUE,9.80E-05,4.008646498,425,37,8,22122,"A0A024R324,A0A024R3Q0,A0A024R694,A0A2R8Y811,A0A804HK76,P23396,P27797,P60709"
GO:CC,cell-substrate junction,GO:0030055,FALSE,0.00011687,3.932298272,435,37,8,22122,"A0A024R324,A0A024R3Q0,A0A024R694,A0A2R8Y811,A0A804HK76,P23396,P27797,P60709"
GO:CC,intracellular organelle lumen,GO:0070013,FALSE,0.000119879,3.921256149,6635,37,26,22122,"A0A024QZ30,A0A024QZZ7,A0A024R3X4,A0A024R694,A0A024RCJ2,A0A024RCJ9,A0A024RCL8,A0A024RD80,A0A2R8Y811,A0A384MTR2,A0A7P0TAW3,K9JA46,P02768,P23396,P23527,P27797,P48735,P57053,P60709,P68371,Q16778,Q5QNW6,Q93079,Q99879,Q99880"
GO:CC,organelle lumen,GO:0043233,FALSE,0.000119879,3.921256149,6635,37,26,22122,"A0A024QZ30,A0A024QZZ7,A0A024R3X4,A0A024R694,A0A024RCJ2,A0A024RCJ9,A0A024RCL8,A0A024RD80,A0A2R8Y811,A0A384MTR2,A0A7P0TAW3,K9JA46,P02768,P23396,P23527,P27797,P48735,P57053,P60709,P68371,Q16778,Q5QNW6,Q93079,Q99879,Q99880"
GO:CC,membrane-enclosed lumen,GO:0031974,FALSE,0.000119879,3.921256149,6635,37,26,22122,"A0A024QZ30,A0A024QZZ7,A0A024R3X4,A0A024R694,A0A024RCJ2,A0A024RCJ9,A0A024RCL8,A0A024RD80,A0A2R8Y811,A0A384MTR2,A0A7P0TAW3,K9JA46,P02768,P23396,P23527,P27797,P48735,P57053,P60709,P68371,Q16778,Q5QNW6,Q93079,Q99879,Q99880"
GO:CC,supramolecular fiber,GO:0099512,FALSE,0.00016729,3.776530138,1048,37,11,22122,"A0A024R3Q0,A0A024R694,A0A384MEE3,A0A804HK76,O14950,P0DPH7,P0DPH8,P60709,P68363,P68371,Q71U36"
GO:CC,supramolecular polymer,GO:0099081,FALSE,0.000182033,3.739850584,1057,37,11,22122,"A0A024R3Q0,A0A024R694,A0A384MEE3,A0A804HK76,O14950,P0DPH7,P0DPH8,P60709,P68363,P68371,Q71U36"
GO:CC,cytoplasmic vesicle lumen,GO:0060205,FALSE,0.0002231,3.651499597,323,37,7,22122,"A0A024R694,A0A024RD80,A0A7P0TAW3,K9JA46,P02768,P68371"
GO:CC,vesicle lumen,GO:0031983,FALSE,0.00023249,3.633595926,325,37,7,22122,"A0A024R694,A0A024RD80,A0A7P0TAW3,K9JA46,P02768,P68371"
GO:CC,brush border,GO:0005903,TRUE,0.000242346,3.615563256,109,37,5,22122,"A0A024R694,A0A804HK76,K9JA46,O14950,P60709"
GO:CC,chromatin,GO:0000785,FALSE,0.000311294,3.506829353,1369,37,12,22122,"A0A024QZZ7,A0A024RCJ2,A0A024RCJ9,A0A024RCL8,P23527,P57053,P60709,Q16778,Q5QNW6,Q93079,Q99879,Q99880"
GO:CC,chromosome,GO:0005694,FALSE,0.000315897,3.500454342,1939,37,14,22122,"A0A024QZZ7,A0A024RCJ2,A0A024RCJ9,A0A024RCL8,A0A7P0TAW3,P23527,P57053,P60709,Q16778,Q5QNW6,Q71U36,Q93079,Q99879,Q99880"
GO:CC,secretory granule,GO:0030141,FALSE,0.000335722,3.474020801,893,37,10,22122,"A0A024R324,A0A024R3X4,A0A024R694,A0A024RD80,A0A7P0TAW3,A8KAH9,K9JA46,P02768,P27797,P68371"
GO:CC,anchoring junction,GO:0070161,FALSE,0.000367524,3.43471466,902,37,10,22122,"A0A024R324,A0A024R3Q0,A0A024R694,A0A2R8Y811,A0A804HK76,A8KAH9,P23396,P27797,P60709"
GO:CC,supramolecular complex,GO:0099080,FALSE,0.000427832,3.368726494,1411,37,12,22122,"A0A024R3Q0,A0A024R694,A0A384MEE3,A0A7P0TAW3,A0A804HK76,O14950,P0DPH7,P0DPH8,P60709,P68363,P68371,Q71U36"
GO:CC,intracellular organelle,GO:0043229,FALSE,0.001598968,2.796160311,16038,37,37,22122,"A0A024QZ30,A0A024QZZ7,A0A024R324,A0A024R3Q0,A0A024R3X4,A0A024R694,A0A024RCJ2,A0A024RCJ9,A0A024RCL8,A0A024RD80,A0A2R8Y811,A0A384MEE3,A0A384MTR2,A0A7P0TAW3,A0A804HK76,A8KAH9,J3QRS3,K9JA46,O14950,P02768,P0DPH7,P0DPH8,P23396,P23527,P27797,P48735,P57053,P60709,P68363,P68371,Q16778,Q5QNW6,Q71U36,Q93079,Q99879,Q99880"
GO:CC,secretory vesicle,GO:0099503,FALSE,0.00160466,2.794616847,1064,37,10,22122,"A0A024R324,A0A024R3X4,A0A024R694,A0A024RD80,A0A7P0TAW3,A8KAH9,K9JA46,P02768,P27797,P68371"
GO:CC,cluster of actin-based cell projections,GO:0098862,FALSE,0.001914113,2.718032529,166,37,5,22122,"A0A024R694,A0A804HK76,K9JA46,O14950,P60709"
GO:CC,secretory granule lumen,GO:0034774,FALSE,0.003316011,2.479383993,320,37,6,22122,"A0A024R694,A0A024RD80,A0A7P0TAW3,K9JA46,P02768,P68371"
GO:CC,protein-containing complex,GO:0032991,FALSE,0.005558716,2.255025541,7966,37,26,22122,"A0A024QZ30,A0A024QZZ7,A0A024R3Q0,A0A024R3X4,A0A024RCJ2,A0A024RCJ9,A0A024RCL8,A0A024RD80,A0A2R8Y811,A0A384MTR2,A0A7P0TAW3,A8KAH9,J3QRS3,K9JA46,O14950,P02768,P23396,P23527,P27797,P57053,P60709,Q16778,Q5QNW6,Q93079,Q99879,Q99880"
GO:CC,cytoplasmic vesicle,GO:0031410,FALSE,0.006474087,2.188821457,2510,37,14,22122,"A0A024R324,A0A024R3X4,A0A024R694,A0A024RD80,A0A384MTR2,A0A7P0TAW3,A0A804HK76,A8KAH9,K9JA46,P02768,P27797,P68371,Q71U36"
GO:CC,intracellular vesicle,GO:0097708,FALSE,0.006562454,2.182933726,2513,37,14,22122,"A0A024R324,A0A024R3X4,A0A024R694,A0A024RD80,A0A384MTR2,A0A7P0TAW3,A0A804HK76,A8KAH9,K9JA46,P02768,P27797,P68371,Q71U36"
GO:CC,cell junction,GO:0030054,FALSE,0.008869749,2.05208869,2230,37,13,22122,"A0A024R324,A0A024R3Q0,A0A024R694,A0A2R8Y811,A0A384MEE3,A0A7P0TAW3,A0A804HK76,A8KAH9,P23396,P27797,P60709,Q71U36"
GO:CC,organelle,GO:0043226,FALSE,0.009788355,2.009290304,16842,37,37,22122,"A0A024QZ30,A0A024QZZ7,A0A024R324,A0A024R3Q0,A0A024R3X4,A0A024R694,A0A024RCJ2,A0A024RCJ9,A0A024RCL8,A0A024RD80,A0A2R8Y811,A0A384MEE3,A0A384MTR2,A0A7P0TAW3,A0A804HK76,A8KAH9,J3QRS3,K9JA46,O14950,P02768,P0DPH7,P0DPH8,P23396,P23527,P27797,P48735,P57053,P60709,P68363,P68371,Q16778,Q5QNW6,Q71U36,Q93079,Q99879,Q99880"
GO:CC,polymeric cytoskeletal fiber,GO:0099513,TRUE,0.010780278,1.967370053,806,37,8,22122,"A0A024R694,A0A384MEE3,P0DPH7,P0DPH8,P60709,P68363,P68371,Q71U36"
GO:CC,cytoskeleton,GO:0005856,FALSE,0.020190878,1.694844796,2412,37,13,22122,"A0A024R324,A0A024R694,A0A384MEE3,A0A804HK76,J3QRS3,O14950,P0DPH7,P0DPH8,P23396,P60709,P68363,P68371,Q71U36"
GO:CC,sperm midpiece,GO:0097225,TRUE,0.021417951,1.669222085,52,37,3,22122,"A0A024R3X4,A8KAH9,K9JA46"
GO:CC,dendritic growth cone,GO:0044294,TRUE,0.023159049,1.635279271,9,37,2,22122,"A0A024RD80,K9JA46"
GO:CC,synapse,GO:0045202,FALSE,0.025017529,1.601755585,1465,37,10,22122,"A0A024R324,A0A024R3Q0,A0A024R694,A0A2R8Y811,A0A384MEE3,A0A7P0TAW3,A8KAH9,P23396,P60709,Q71U36"
GO:CC,microtubule,GO:0005874,FALSE,0.030914999,1.509830762,478,37,6,22122,"A0A384MEE3,P0DPH7,P0DPH8,P68363,P68371,Q71U36"
GO:CC,nucleoplasm,GO:0005654,TRUE,0.04044576,1.393126995,4203,37,17,22122,"A0A024QZZ7,A0A024RCJ2,A0A024RCJ9,A0A024RCL8,A0A024RD80,A0A2R8Y811,A0A7P0TAW3,K9JA46,P23396,P23527,P57053,P60709,Q16778,Q5QNW6,Q93079,Q99879,Q99880"
GO:CC,cell cortex,GO:0005938,FALSE,0.045500939,1.341979643,323,37,5,22122,"A0A024R324,A0A024R694,A0A804HK76,O14950,P60709"
KEGG,Salmonella infection,KEGG:05132,FALSE,2.97E-12,11.52690636,249,36,15,8161,"A0A024R324,A0A024R3Q0,A0A024RD80,A0A384MEE3,A0A804HK76,J3QRS3,K9JA46,O14950,P0DPH7,P0DPH8,P23396,P60709,P68363,P68371,Q71U36"
KEGG,Systemic lupus erythematosus,KEGG:05322,FALSE,1.12E-11,10.94943829,130,36,12,8161,"A0A024QZZ7,A0A024R694,A0A024RCJ2,A0A024RCJ9,A0A024RCL8,P23527,P57053,Q16778,Q5QNW6,Q93079,Q99879,Q99880"
KEGG,Viral carcinogenesis,KEGG:05203,FALSE,8.54E-11,10.06879312,200,36,13,8161,"A0A024QZZ7,A0A024R324,A0A024R694,A0A024RCJ2,A0A024RCJ9,A0A024RCL8,P23527,P57053,Q16778,Q5QNW6,Q93079,Q99879,Q99880"
KEGG,Neutrophil extracellular trap formation,KEGG:04613,FALSE,8.87E-10,9.052249024,187,36,12,8161,"A0A024QZZ7,A0A024RCJ2,A0A024RCJ9,A0A024RCL8,P23527,P57053,P60709,Q16778,Q5QNW6,Q93079,Q99879,Q99880"
KEGG,Alcoholism,KEGG:05034,FALSE,1.72E-08,7.764009826,185,36,11,8161,"A0A024QZZ7,A0A024RCJ2,A0A024RCJ9,A0A024RCL8,P23527,P57053,Q16778,Q5QNW6,Q93079,Q99879,Q99880"
KEGG,Tight junction,KEGG:04530,FALSE,1.38E-07,6.860059584,169,36,10,8161,"A0A024R324,A0A024R694,A8KAH9,J3QRS3,O14950,P0DPH7,P0DPH8,P60709,P68363,Q71U36"
KEGG,Pathogenic Escherichia coli infection,KEGG:05130,FALSE,5.83E-07,6.234426835,196,36,10,8161,"A0A024R324,A0A024R3Q0,A0A384MEE3,P0DPH7,P0DPH8,P23396,P60709,P68363,P68371,Q71U36"
KEGG,Phagosome,KEGG:04145,FALSE,1.41E-05,4.851925822,147,36,8,8161,"A0A384MEE3,P0DPH7,P0DPH8,P27797,P60709,P68363,P68371,Q71U36"
KEGG,Gap junction,KEGG:04540,FALSE,0.00015462,3.810734965,88,36,6,8161,"A0A384MEE3,P0DPH7,P0DPH8,P68363,P68371,Q71U36"
KEGG,Leukocyte transendothelial migration,KEGG:04670,FALSE,0.000700713,3.154459967,114,36,6,8161,"A0A024R324,A0A024R694,A8KAH9,J3QRS3,O14950,P60709"
KEGG,Amyotrophic lateral sclerosis,KEGG:05014,FALSE,0.001518737,2.818517321,362,36,9,8161,"A0A024QZ30,A0A384MEE3,A0A7P0TAW3,P0DPH7,P0DPH8,P60709,P68363,P68371,Q71U36"
KEGG,Focal adhesion,KEGG:04510,FALSE,0.001809815,2.742365927,202,36,7,8161,"A0A024R324,A0A024R694,A0A804HK76,A8KAH9,J3QRS3,O14950,P60709"
KEGG,Parkinson disease,KEGG:05012,FALSE,0.010415955,1.982300904,266,36,7,8161,"A0A024QZ30,A0A384MEE3,P0DPH7,P0DPH8,P68363,P68371,Q71U36"
KEGG,Prion disease,KEGG:05020,FALSE,0.011968527,1.921959291,272,36,7,8161,"A0A024QZ30,A0A384MEE3,P0DPH7,P0DPH8,P68363,P68371,Q71U36"
KEGG,Platelet activation,KEGG:04611,FALSE,0.015014146,1.823499353,124,36,5,8161,"A0A024R324,A8KAH9,J3QRS3,O14950,P60709"
KEGG,Apoptosis,KEGG:04210,FALSE,0.022326002,1.651189047,135,36,5,8161,"P0DPH7,P0DPH8,P60709,P68363,Q71U36"
KEGG,Huntington disease,KEGG:05016,FALSE,0.02472659,1.606835768,306,36,7,8161,"A0A024QZ30,A0A384MEE3,P0DPH7,P0DPH8,P68363,P68371,Q71U36"
KEGG,Shigellosis,KEGG:05131,FALSE,0.049996756,1.301058173,246,36,6,8161,"A0A024R324,A0A024R3Q0,A0A024R694,J3QRS3,O14950,P60709"
REAC,HCMV Early Events,REAC:R-HSA-9609690,FALSE,5.26E-19,18.27879271,135,37,16,10790,"A0A024QZZ7,A0A024RCJ2,A0A024RCJ9,A0A024RCL8,A0A384MEE3,P0DPH7,P0DPH8,P23527,P68363,P68371,Q16778,Q5QNW6,Q71U36,Q93079,Q99879,Q99880"
REAC,HCMV Infection,REAC:R-HSA-9609646,FALSE,7.97E-18,17.0983694,159,37,16,10790,"A0A024QZZ7,A0A024RCJ2,A0A024RCJ9,A0A024RCL8,A0A384MEE3,P0DPH7,P0DPH8,P23527,P68363,P68371,Q16778,Q5QNW6,Q71U36,Q93079,Q99879,Q99880"
REAC,RHO GTPase Effectors,REAC:R-HSA-195258,FALSE,1.99E-17,16.70161988,319,37,19,10790,"A0A024QZZ7,A0A024R324,A0A024RCJ2,A0A024RCJ9,A0A024RCL8,A0A384MEE3,O14950,P0DPH7,P0DPH8,P23527,P57053,P60709,P68363,P68371,Q16778,Q71U36,Q93079,Q99879,Q99880"
REAC,Cellular responses to stress,REAC:R-HSA-2262752,FALSE,1.42E-16,15.84798207,778,37,24,10790,"A0A024QZZ7,A0A024RCJ2,A0A024RCJ9,A0A024RCL8,A0A024RD80,A0A2R8Y811,A0A384MEE3,A0A384MTR2,A0A7P0TAW3,K9JA46,P02768,P0DPH7,P0DPH8,P23396,P23527,P27797,P57053,P68363,P68371,Q16778,Q71U36,Q93079,Q99879,Q99880"
REAC,Cellular responses to stimuli,REAC:R-HSA-8953897,FALSE,2.15E-16,15.66686282,792,37,24,10790,"A0A024QZZ7,A0A024RCJ2,A0A024RCJ9,A0A024RCL8,A0A024RD80,A0A2R8Y811,A0A384MEE3,A0A384MTR2,A0A7P0TAW3,K9JA46,P02768,P0DPH7,P0DPH8,P23396,P23527,P27797,P57053,P68363,P68371,Q16778,Q71U36,Q93079,Q99879,Q99880"
REAC,Signaling by Rho GTPases,REAC:R-HSA-194315,FALSE,3.25E-16,15.48821533,702,37,23,10790,"A0A024QZZ7,A0A024R324,A0A024R694,A0A024RCJ2,A0A024RCJ9,A0A024RCL8,A0A024RD80,A0A384MEE3,A0A7P0TAW3,K9JA46,O14950,P0DPH7,P0DPH8,P23527,P57053,P60709,P68363,P68371,Q16778,Q71U36,Q93079,Q99879,Q99880"
REAC,"Signaling by Rho GTPases, Miro GTPases and RHOBTB3",REAC:R-HSA-9716542,FALSE,5.22E-16,15.28232012,717,37,23,10790,"A0A024QZZ7,A0A024R324,A0A024R694,A0A024RCJ2,A0A024RCJ9,A0A024RCL8,A0A024RD80,A0A384MEE3,A0A7P0TAW3,K9JA46,O14950,P0DPH7,P0DPH8,P23527,P57053,P60709,P68363,P68371,Q16778,Q71U36,Q93079,Q99879,Q99880"
REAC,RHO GTPases activate PKNs,REAC:R-HSA-5625740,FALSE,5.05E-14,13.29637372,94,37,12,10790,"A0A024QZZ7,A0A024R324,A0A024RCJ2,A0A024RCJ9,A0A024RCL8,O14950,P23527,P57053,Q16778,Q93079,Q99879,Q99880"
REAC,Infectious disease,REAC:R-HSA-5663205,FALSE,1.80E-13,12.74591581,1059,37,24,10790,"A0A024QZZ7,A0A024R3Q0,A0A024RCJ2,A0A024RCJ9,A0A024RCL8,A0A024RD80,A0A2R8Y811,A0A384MEE3,A0A7P0TAW3,K9JA46,P0DPH7,P0DPH8,P23396,P23527,P27797,P60709,P68363,P68371,Q16778,Q5QNW6,Q71U36,Q93079,Q99879,Q99880"
REAC,Packaging Of Telomere Ends,REAC:R-HSA-171306,FALSE,3.00E-13,12.52239576,52,37,10,10790,"A0A024QZZ7,A0A024RCJ2,A0A024RCJ9,A0A024RCL8,P23527,P57053,Q16778,Q93079,Q99879,Q99880"
REAC,Depurination,REAC:R-HSA-73927,FALSE,5.51E-13,12.2584755,55,37,10,10790,"A0A024QZZ7,A0A024RCJ2,A0A024RCJ9,A0A024RCL8,P23527,P57053,Q16778,Q93079,Q99879,Q99880"
REAC,Recognition and association of DNA glycosylase with site containing an affected purine,REAC:R-HSA-110330,FALSE,5.51E-13,12.2584755,55,37,10,10790,"A0A024QZZ7,A0A024RCJ2,A0A024RCJ9,A0A024RCL8,P23527,P57053,Q16778,Q93079,Q99879,Q99880"
REAC,Cleavage of the damaged purine,REAC:R-HSA-110331,FALSE,5.51E-13,12.2584755,55,37,10,10790,"A0A024QZZ7,A0A024RCJ2,A0A024RCJ9,A0A024RCL8,P23527,P57053,Q16778,Q93079,Q99879,Q99880"
REAC,Developmental Biology,REAC:R-HSA-1266738,FALSE,7.01E-13,12.15448912,1124,37,24,10790,"A0A024QZZ7,A0A024R324,A0A024RCJ2,A0A024RCJ9,A0A024RCL8,A0A024RD80,A0A2R8Y811,A0A384MEE3,J3QRS3,K9JA46,O14950,P0DPH7,P0DPH8,P23396,P23527,P57053,P60709,P68363,P68371,Q16778,Q71U36,Q93079,Q99879,Q99880"
REAC,M Phase,REAC:R-HSA-68886,FALSE,1.33E-12,11.87608247,408,37,17,10790,"A0A024QZZ7,A0A024RCJ2,A0A024RCJ9,A0A024RCL8,A0A384MEE3,K9JA46,P0DPH7,P0DPH8,P23527,P57053,P68363,P68371,Q16778,Q71U36,Q93079,Q99879,Q99880"
REAC,Cleavage of the damaged pyrimidine ,REAC:R-HSA-110329,FALSE,1.41E-12,11.8522097,60,37,10,10790,"A0A024QZZ7,A0A024RCJ2,A0A024RCJ9,A0A024RCL8,P23527,P57053,Q16778,Q93079,Q99879,Q99880"
REAC,Recognition and association of DNA glycosylase with site containing an affected pyrimidine,REAC:R-HSA-110328,FALSE,1.41E-12,11.8522097,60,37,10,10790,"A0A024QZZ7,A0A024RCJ2,A0A024RCJ9,A0A024RCL8,P23527,P57053,Q16778,Q93079,Q99879,Q99880"
REAC,Depyrimidination,REAC:R-HSA-73928,FALSE,1.41E-12,11.8522097,60,37,10,10790,"A0A024QZZ7,A0A024RCJ2,A0A024RCJ9,A0A024RCL8,P23527,P57053,Q16778,Q93079,Q99879,Q99880"
REAC,"Base-Excision Repair, AP Site Formation",REAC:R-HSA-73929,FALSE,1.68E-12,11.7754433,61,37,10,10790,"A0A024QZZ7,A0A024RCJ2,A0A024RCJ9,A0A024RCL8,P23527,P57053,Q16778,Q93079,Q99879,Q99880"
REAC,B-WICH complex positively regulates rRNA expression,REAC:R-HSA-5250924,FALSE,1.83E-12,11.7382326,90,37,11,10790,"A0A024QZZ7,A0A024RCJ2,A0A024RCJ9,A0A024RCL8,P23527,P57053,P60709,Q16778,Q93079,Q99879,Q99880"
REAC,RNA Polymerase I Promoter Opening,REAC:R-HSA-73728,FALSE,2.37E-12,11.625977,63,37,10,10790,"A0A024QZZ7,A0A024RCJ2,A0A024RCJ9,A0A024RCL8,P23527,P57053,Q16778,Q93079,Q99879,Q99880"
REAC,DNA methylation,REAC:R-HSA-5334118,FALSE,3.30E-12,11.4816271,65,37,10,10790,"A0A024QZZ7,A0A024RCJ2,A0A024RCJ9,A0A024RCL8,P23527,P57053,Q16778,Q93079,Q99879,Q99880"
REAC,Inhibition of DNA recombination at telomere,REAC:R-HSA-9670095,FALSE,4.55E-12,11.34205849,67,37,10,10790,"A0A024QZZ7,A0A024RCJ2,A0A024RCJ9,A0A024RCL8,P23527,P57053,Q16778,Q93079,Q99879,Q99880"
REAC,Activated PKN1 stimulates transcription of AR (androgen receptor) regulated genes KLK2 and KLK3,REAC:R-HSA-5625886,FALSE,4.55E-12,11.34205849,67,37,10,10790,"A0A024QZZ7,A0A024RCJ2,A0A024RCJ9,A0A024RCL8,P23527,P57053,Q16778,Q93079,Q99879,Q99880"
REAC,SIRT1 negatively regulates rRNA expression,REAC:R-HSA-427359,FALSE,5.32E-12,11.27397129,68,37,10,10790,"A0A024QZZ7,A0A024RCJ2,A0A024RCJ9,A0A024RCL8,P23527,P57053,Q16778,Q93079,Q99879,Q99880"
REAC,Nonhomologous End-Joining (NHEJ),REAC:R-HSA-5693571,FALSE,5.32E-12,11.27397129,68,37,10,10790,"A0A024QZZ7,A0A024RCJ2,A0A024RCJ9,A0A024RCL8,P23527,P57053,Q16778,Q93079,Q99879,Q99880"
REAC,Assembly of the ORC complex at the origin of replication,REAC:R-HSA-68616,FALSE,6.21E-12,11.20696799,69,37,10,10790,"A0A024QZZ7,A0A024RCJ2,A0A024RCJ9,A0A024RCL8,P23527,P57053,Q16778,Q93079,Q99879,Q99880"
REAC,"Cell Cycle, Mitotic",REAC:R-HSA-69278,FALSE,1.00E-11,10.99872822,549,37,18,10790,"A0A024QZZ7,A0A024RCJ2,A0A024RCJ9,A0A024RCL8,A0A024RD80,A0A384MEE3,K9JA46,P0DPH7,P0DPH8,P23527,P57053,P68363,P68371,Q16778,Q71U36,Q93079,Q99879,Q99880"
REAC,Positive epigenetic regulation of rRNA expression,REAC:R-HSA-5250913,FALSE,1.06E-11,10.97542852,105,37,11,10790,"A0A024QZZ7,A0A024RCJ2,A0A024RCJ9,A0A024RCL8,P23527,P57053,P60709,Q16778,Q93079,Q99879,Q99880"
REAC,PRC2 methylates histones and DNA,REAC:R-HSA-212300,FALSE,1.12E-11,10.94914537,73,37,10,10790,"A0A024QZZ7,A0A024RCJ2,A0A024RCJ9,A0A024RCL8,P23527,P57053,Q16778,Q93079,Q99879,Q99880"
REAC,Condensation of Prophase Chromosomes,REAC:R-HSA-2299718,FALSE,1.12E-11,10.94914537,73,37,10,10790,"A0A024QZZ7,A0A024RCJ2,A0A024RCJ9,A0A024RCL8,P23527,P57053,Q16778,Q93079,Q99879,Q99880"
REAC,Deposition of new CENPA-containing nucleosomes at the centromere,REAC:R-HSA-606279,FALSE,1.12E-11,10.94914537,73,37,10,10790,"A0A024QZZ7,A0A024RCJ2,A0A024RCJ9,A0A024RCL8,P23527,P57053,Q16778,Q93079,Q99879,Q99880"
REAC,Nucleosome assembly,REAC:R-HSA-774815,FALSE,1.12E-11,10.94914537,73,37,10,10790,"A0A024QZZ7,A0A024RCJ2,A0A024RCJ9,A0A024RCL8,P23527,P57053,Q16778,Q93079,Q99879,Q99880"
REAC,Defective pyroptosis,REAC:R-HSA-9710421,FALSE,1.12E-11,10.94914537,73,37,10,10790,"A0A024QZZ7,A0A024RCJ2,A0A024RCJ9,A0A024RCL8,P23527,P57053,Q16778,Q93079,Q99879,Q99880"
REAC,Estrogen-dependent gene expression,REAC:R-HSA-9018519,FALSE,1.37E-11,10.86214377,148,37,12,10790,"A0A024QZZ7,A0A024RCJ2,A0A024RCJ9,A0A024RCL8,A0A024RD80,K9JA46,P23527,P57053,Q16778,Q93079,Q99879,Q99880"
REAC,ERCC6 (CSB) and EHMT2 (G9a) positively regulate rRNA expression,REAC:R-HSA-427389,FALSE,1.72E-11,10.76565859,76,37,10,10790,"A0A024QZZ7,A0A024RCJ2,A0A024RCJ9,A0A024RCL8,P23527,P57053,Q16778,Q93079,Q99879,Q99880"
REAC,Meiotic synapsis,REAC:R-HSA-1221632,FALSE,1.97E-11,10.70623697,77,37,10,10790,"A0A024QZZ7,A0A024RCJ2,A0A024RCJ9,A0A024RCL8,P23527,P57053,Q16778,Q93079,Q99879,Q99880"
REAC,Recruitment and ATM-mediated phosphorylation of repair and signaling proteins at DNA double strand breaks,REAC:R-HSA-5693565,FALSE,1.97E-11,10.70623697,77,37,10,10790,"A0A024QZZ7,A0A024RCJ2,A0A024RCJ9,A0A024RCL8,P23527,P57053,Q16778,Q93079,Q99879,Q99880"
REAC,DNA Double Strand Break Response,REAC:R-HSA-5693606,FALSE,2.25E-11,10.64764566,78,37,10,10790,"A0A024QZZ7,A0A024RCJ2,A0A024RCJ9,A0A024RCL8,P23527,P57053,Q16778,Q93079,Q99879,Q99880"
REAC,Disease,REAC:R-HSA-1643685,FALSE,2.81E-11,10.55082168,1830,37,27,10790,"A0A024QZZ7,A0A024R3Q0,A0A024RCJ2,A0A024RCJ9,A0A024RCL8,A0A024RD80,A0A2R8Y811,A0A384MEE3,A0A7P0TAW3,A8KAH9,K9JA46,P0DPH7,P0DPH8,P23396,P23527,P27797,P57053,P60709,P68363,P68371,Q16778,Q5QNW6,Q71U36,Q93079,Q99879,Q99880"
REAC,DNA Damage/Telomere Stress Induced Senescence,REAC:R-HSA-2559586,FALSE,2.93E-11,10.53286465,80,37,10,10790,"A0A024QZZ7,A0A024RCJ2,A0A024RCJ9,A0A024RCL8,P23527,P57053,Q16778,Q93079,Q99879,Q99880"
REAC,Meiotic recombination,REAC:R-HSA-912446,FALSE,7.01E-11,10.15424614,87,37,10,10790,"A0A024QZZ7,A0A024RCJ2,A0A024RCJ9,A0A024RCL8,P23527,P57053,Q16778,Q93079,Q99879,Q99880"
REAC,E3 ubiquitin ligases ubiquitinate target proteins,REAC:R-HSA-8866654,FALSE,7.64E-11,10.11703478,58,37,9,10790,"A0A024QZZ7,A0A024RCJ2,A0A024RCJ9,A0A024RCL8,A0A7P0TAW3,P23527,Q93079,Q99879,Q99880"
REAC,Transcriptional regulation of granulopoiesis,REAC:R-HSA-9616222,FALSE,8.87E-11,10.05208527,89,37,10,10790,"A0A024QZZ7,A0A024RCJ2,A0A024RCJ9,A0A024RCL8,P23527,P57053,Q16778,Q93079,Q99879,Q99880"
REAC,Base Excision Repair,REAC:R-HSA-73884,FALSE,8.87E-11,10.05208527,89,37,10,10790,"A0A024QZZ7,A0A024RCJ2,A0A024RCJ9,A0A024RCL8,P23527,P57053,Q16778,Q93079,Q99879,Q99880"
REAC,Formation of the beta-catenin:TCF transactivating complex,REAC:R-HSA-201722,FALSE,1.12E-10,9.952366759,91,37,10,10790,"A0A024QZZ7,A0A024RCJ2,A0A024RCJ9,A0A024RCL8,P23527,P57053,Q16778,Q93079,Q99879,Q99880"
REAC,RNA Polymerase I Promoter Escape,REAC:R-HSA-73772,FALSE,1.12E-10,9.952366759,91,37,10,10790,"A0A024QZZ7,A0A024RCJ2,A0A024RCJ9,A0A024RCL8,P23527,P57053,Q16778,Q93079,Q99879,Q99880"
REAC,Pre-NOTCH Transcription and Translation,REAC:R-HSA-1912408,FALSE,1.40E-10,9.85497857,93,37,10,10790,"A0A024QZZ7,A0A024RCJ2,A0A024RCJ9,A0A024RCL8,P23527,P57053,Q16778,Q93079,Q99879,Q99880"
REAC,G2/M DNA damage checkpoint,REAC:R-HSA-69473,FALSE,1.56E-10,9.807125422,94,37,10,10790,"A0A024QZZ7,A0A024RCJ2,A0A024RCJ9,A0A024RCL8,P23527,P57053,Q16778,Q93079,Q99879,Q99880"
REAC,HDACs deacetylate histones,REAC:R-HSA-3214815,FALSE,1.56E-10,9.807125422,94,37,10,10790,"A0A024QZZ7,A0A024RCJ2,A0A024RCJ9,A0A024RCL8,P23527,Q16778,Q5QNW6,Q93079,Q99879,Q99880"
REAC,Gene Silencing by RNA,REAC:R-HSA-211000,FALSE,1.78E-10,9.750134989,135,37,11,10790,"A0A024QZZ7,A0A024RCJ2,A0A024RCJ9,A0A024RCL8,K9JA46,P23527,P57053,Q16778,Q93079,Q99879,Q99880"
REAC,Processing of DNA double-strand break ends,REAC:R-HSA-5693607,FALSE,2.15E-10,9.666782129,97,37,10,10790,"A0A024QZZ7,A0A024RCJ2,A0A024RCJ9,A0A024RCL8,P23527,P57053,Q16778,Q93079,Q99879,Q99880"
REAC,RUNX1 regulates genes involved in megakaryocyte differentiation and platelet function,REAC:R-HSA-8936459,FALSE,2.15E-10,9.666782129,97,37,10,10790,"A0A024QZZ7,A0A024RCJ2,A0A024RCJ9,A0A024RCL8,P23527,P57053,Q16778,Q93079,Q99879,Q99880"
REAC,HATs acetylate histones,REAC:R-HSA-3214847,FALSE,2.88E-10,9.540281103,141,37,11,10790,"A0A024QZZ7,A0A024RCJ2,A0A024RCJ9,A0A024RCL8,P23527,P60709,Q16778,Q5QNW6,Q93079,Q99879,Q99880"
REAC,Cell Cycle,REAC:R-HSA-1640170,FALSE,3.86E-10,9.413086627,679,37,18,10790,"A0A024QZZ7,A0A024RCJ2,A0A024RCJ9,A0A024RCL8,A0A024RD80,A0A384MEE3,K9JA46,P0DPH7,P0DPH8,P23527,P57053,P68363,P68371,Q16778,Q71U36,Q93079,Q99879,Q99880"
REAC,Transcriptional regulation by small RNAs,REAC:R-HSA-5578749,FALSE,3.99E-10,9.399564509,103,37,10,10790,"A0A024QZZ7,A0A024RCJ2,A0A024RCJ9,A0A024RCL8,P23527,P57053,Q16778,Q93079,Q99879,Q99880"
REAC,Diseases of programmed cell death,REAC:R-HSA-9645723,FALSE,4.40E-10,9.356655096,104,37,10,10790,"A0A024QZZ7,A0A024RCJ2,A0A024RCJ9,A0A024RCL8,P23527,P57053,Q16778,Q93079,Q99879,Q99880"
REAC,Epigenetic regulation of gene expression,REAC:R-HSA-212165,FALSE,4.57E-10,9.339752133,147,37,11,10790,"A0A024QZZ7,A0A024RCJ2,A0A024RCJ9,A0A024RCL8,P23527,P57053,P60709,Q16778,Q93079,Q99879,Q99880"
REAC,Aggrephagy,REAC:R-HSA-9646399,FALSE,4.86E-10,9.313080122,44,37,8,10790,"A0A384MEE3,A0A7P0TAW3,K9JA46,P0DPH7,P0DPH8,P68363,P68371,Q71U36"
REAC,NoRC negatively regulates rRNA expression,REAC:R-HSA-427413,FALSE,5.34E-10,9.272147112,106,37,10,10790,"A0A024QZZ7,A0A024RCJ2,A0A024RCJ9,A0A024RCL8,P23527,P57053,Q16778,Q93079,Q99879,Q99880"
REAC,Pre-NOTCH Expression and Processing,REAC:R-HSA-1912422,FALSE,7.10E-10,9.148535088,109,37,10,10790,"A0A024QZZ7,A0A024RCJ2,A0A024RCJ9,A0A024RCL8,P23527,P57053,Q16778,Q93079,Q99879,Q99880"
REAC,Negative epigenetic regulation of rRNA expression,REAC:R-HSA-5250941,FALSE,7.10E-10,9.148535088,109,37,10,10790,"A0A024QZZ7,A0A024RCJ2,A0A024RCJ9,A0A024RCL8,P23527,P57053,Q16778,Q93079,Q99879,Q99880"
REAC,RNA Polymerase I Promoter Clearance,REAC:R-HSA-73854,FALSE,7.80E-10,9.108138867,110,37,10,10790,"A0A024QZZ7,A0A024RCJ2,A0A024RCJ9,A0A024RCL8,P23527,P57053,Q16778,Q93079,Q99879,Q99880"
REAC,Amyloid fiber formation,REAC:R-HSA-977225,FALSE,7.80E-10,9.108138867,110,37,10,10790,"A0A024QZZ7,A0A024RCJ2,A0A024RCJ9,A0A024RCL8,P23527,P57053,Q16778,Q93079,Q99879,Q99880"
REAC,RNA Polymerase I Transcription,REAC:R-HSA-73864,FALSE,8.55E-10,9.068133793,111,37,10,10790,"A0A024QZZ7,A0A024RCJ2,A0A024RCJ9,A0A024RCL8,P23527,P57053,Q16778,Q93079,Q99879,Q99880"
REAC,Telomere Maintenance,REAC:R-HSA-157579,FALSE,9.36E-10,9.028512537,112,37,10,10790,"A0A024QZZ7,A0A024RCJ2,A0A024RCJ9,A0A024RCL8,P23527,P57053,Q16778,Q93079,Q99879,Q99880"
REAC,Senescence-Associated Secretory Phenotype (SASP),REAC:R-HSA-2559582,FALSE,9.36E-10,9.028512537,112,37,10,10790,"A0A024QZZ7,A0A024RCJ2,A0A024RCJ9,A0A024RCL8,P23527,P57053,Q16778,Q93079,Q99879,Q99880"
REAC,HCMV Late Events,REAC:R-HSA-9610379,FALSE,1.03E-09,8.989267979,113,37,10,10790,"A0A024QZZ7,A0A024RCJ2,A0A024RCJ9,A0A024RCL8,P23527,Q16778,Q5QNW6,Q93079,Q99879,Q99880"
REAC,Protein ubiquitination,REAC:R-HSA-8852135,FALSE,1.25E-09,8.903796426,78,37,9,10790,"A0A024QZZ7,A0A024RCJ2,A0A024RCJ9,A0A024RCL8,A0A7P0TAW3,P23527,Q93079,Q99879,Q99880"
REAC,ESR-mediated signaling,REAC:R-HSA-8939211,FALSE,1.35E-09,8.868399047,217,37,12,10790,"A0A024QZZ7,A0A024RCJ2,A0A024RCJ9,A0A024RCL8,A0A024RD80,K9JA46,P23527,P57053,Q16778,Q93079,Q99879,Q99880"
REAC,Meiosis,REAC:R-HSA-1500620,FALSE,1.46E-09,8.835921015,117,37,10,10790,"A0A024QZZ7,A0A024RCJ2,A0A024RCJ9,A0A024RCL8,P23527,P57053,Q16778,Q93079,Q99879,Q99880"
REAC,Activation of HOX genes during differentiation,REAC:R-HSA-5619507,FALSE,1.89E-09,8.724544897,120,37,10,10790,"A0A024QZZ7,A0A024RCJ2,A0A024RCJ9,A0A024RCL8,P23527,P57053,Q16778,Q93079,Q99879,Q99880"
REAC,Activation of anterior HOX genes in hindbrain development during early embryogenesis,REAC:R-HSA-5617472,FALSE,1.89E-09,8.724544897,120,37,10,10790,"A0A024QZZ7,A0A024RCJ2,A0A024RCJ9,A0A024RCL8,P23527,P57053,Q16778,Q93079,Q99879,Q99880"
REAC,Oxidative Stress Induced Senescence,REAC:R-HSA-2559580,FALSE,2.42E-09,8.616105776,123,37,10,10790,"A0A024QZZ7,A0A024RCJ2,A0A024RCJ9,A0A024RCL8,P23527,P57053,Q16778,Q93079,Q99879,Q99880"
REAC,Deubiquitination,REAC:R-HSA-5688426,FALSE,2.78E-09,8.555653113,297,37,13,10790,"A0A024QZZ7,A0A024R324,A0A024RCJ2,A0A024RCJ9,A0A024RCL8,A0A7P0TAW3,P23527,P60709,Q16778,Q5QNW6,Q93079,Q99879,Q99880"
REAC,RHO GTPases activate IQGAPs,REAC:R-HSA-5626467,FALSE,3.40E-09,8.467927798,32,37,7,10790,"A0A384MEE3,P0DPH7,P0DPH8,P60709,P68363,P68371,Q71U36"
REAC,RUNX1 regulates transcription of genes involved in differentiation of HSCs,REAC:R-HSA-8939236,FALSE,4.23E-09,8.373696565,130,37,10,10790,"A0A024QZZ7,A0A024RCJ2,A0A024RCJ9,A0A024RCL8,P23527,P57053,Q16778,Q93079,Q99879,Q99880"
REAC,Cooperation of Prefoldin and TriC/CCT  in actin and tubulin folding,REAC:R-HSA-389958,FALSE,4.31E-09,8.365446887,33,37,7,10790,"A0A384MEE3,P0DPH7,P0DPH8,P60709,P68363,P68371,Q71U36"
REAC,HSP90 chaperone cycle for steroid hormone receptors (SHR) in the presence of ligand,REAC:R-HSA-3371497,FALSE,4.39E-09,8.357050163,57,37,8,10790,"A0A024RD80,A0A384MEE3,K9JA46,P0DPH7,P0DPH8,P68363,P68371,Q71U36"
REAC,HDR through Homologous Recombination (HRR) or Single Strand Annealing (SSA),REAC:R-HSA-5693567,FALSE,4.93E-09,8.306992277,132,37,10,10790,"A0A024QZZ7,A0A024RCJ2,A0A024RCJ9,A0A024RCL8,P23527,P57053,Q16778,Q93079,Q99879,Q99880"
REAC,Mitotic Prophase,REAC:R-HSA-68875,FALSE,6.18E-09,8.208932977,135,37,10,10790,"A0A024QZZ7,A0A024RCJ2,A0A024RCJ9,A0A024RCL8,P23527,P57053,Q16778,Q93079,Q99879,Q99880"
REAC,Homology Directed Repair,REAC:R-HSA-5693538,FALSE,7.71E-09,8.113173336,138,37,10,10790,"A0A024QZZ7,A0A024RCJ2,A0A024RCJ9,A0A024RCL8,P23527,P57053,Q16778,Q93079,Q99879,Q99880"
REAC,Chromosome Maintenance,REAC:R-HSA-73886,FALSE,8.28E-09,8.081746605,139,37,10,10790,"A0A024QZZ7,A0A024RCJ2,A0A024RCJ9,A0A024RCL8,P23527,P57053,Q16778,Q93079,Q99879,Q99880"
REAC,Assembly of the pre-replicative complex,REAC:R-HSA-68867,FALSE,1.10E-08,7.958409385,143,37,10,10790,"A0A024QZZ7,A0A024RCJ2,A0A024RCJ9,A0A024RCL8,P23527,P57053,Q16778,Q93079,Q99879,Q99880"
REAC,Reproduction,REAC:R-HSA-1474165,FALSE,1.10E-08,7.958409385,143,37,10,10790,"A0A024QZZ7,A0A024RCJ2,A0A024RCJ9,A0A024RCL8,P23527,P57053,Q16778,Q93079,Q99879,Q99880"
REAC,Microtubule-dependent trafficking of connexons from Golgi to the plasma membrane,REAC:R-HSA-190840,FALSE,1.40E-08,7.853746883,20,37,6,10790,"A0A384MEE3,P0DPH7,P0DPH8,P68363,P68371,Q71U36"
REAC,Metabolism of proteins,REAC:R-HSA-392499,FALSE,1.51E-08,7.822374269,1945,37,25,10790,"A0A024QZZ7,A0A024R324,A0A024R3Q0,A0A024RCJ2,A0A024RCJ9,A0A024RCL8,A0A2R8Y811,A0A384MEE3,A0A7P0TAW3,P02768,P0DPH7,P0DPH8,P23396,P23527,P27797,P57053,P60709,P68363,P68371,Q16778,Q5QNW6,Q71U36,Q93079,Q99879,Q99880"
REAC,Post-translational protein modification,REAC:R-HSA-597592,FALSE,1.54E-08,7.812901448,1415,37,22,10790,"A0A024QZZ7,A0A024R324,A0A024R3Q0,A0A024RCJ2,A0A024RCJ9,A0A024RCL8,A0A384MEE3,A0A7P0TAW3,P02768,P0DPH7,P0DPH8,P23527,P27797,P60709,P68363,P68371,Q16778,Q5QNW6,Q71U36,Q93079,Q99879,Q99880"
REAC,Transport of connexons to the plasma membrane,REAC:R-HSA-190872,FALSE,1.96E-08,7.708690697,21,37,6,10790,"A0A384MEE3,P0DPH7,P0DPH8,P68363,P68371,Q71U36"
REAC,DNA Replication Pre-Initiation,REAC:R-HSA-69002,FALSE,3.37E-08,7.472396548,160,37,10,10790,"A0A024QZZ7,A0A024RCJ2,A0A024RCJ9,A0A024RCL8,P23527,P57053,Q16778,Q93079,Q99879,Q99880"
REAC,Signaling by Nuclear Receptors,REAC:R-HSA-9006931,FALSE,4.22E-08,7.374653545,291,37,12,10790,"A0A024QZZ7,A0A024RCJ2,A0A024RCJ9,A0A024RCL8,A0A024RD80,K9JA46,P23527,P57053,Q16778,Q93079,Q99879,Q99880"
REAC,Post-chaperonin tubulin folding pathway,REAC:R-HSA-389977,FALSE,4.82E-08,7.317386086,24,37,6,10790,"A0A384MEE3,P0DPH7,P0DPH8,P68363,P68371,Q71U36"
REAC,G2/M Checkpoints,REAC:R-HSA-69481,FALSE,5.15E-08,7.288104275,167,37,10,10790,"A0A024QZZ7,A0A024RCJ2,A0A024RCJ9,A0A024RCL8,P23527,P57053,Q16778,Q93079,Q99879,Q99880"
REAC,DNA Double-Strand Break Repair,REAC:R-HSA-5693532,FALSE,5.46E-08,7.262452332,168,37,10,10790,"A0A024QZZ7,A0A024RCJ2,A0A024RCJ9,A0A024RCL8,P23527,P57053,Q16778,Q93079,Q99879,Q99880"
REAC,The role of GTSE1 in G2/M progression after G2 checkpoint,REAC:R-HSA-8852276,FALSE,6.58E-08,7.181657318,79,37,8,10790,"A0A024RD80,A0A384MEE3,K9JA46,P0DPH7,P0DPH8,P68363,P68371,Q71U36"
REAC,Recycling pathway of L1,REAC:R-HSA-437239,FALSE,7.16E-08,7.144934377,48,37,7,10790,"A0A384MEE3,P0DPH7,P0DPH8,P60709,P68363,P68371,Q71U36"
REAC,Selective autophagy,REAC:R-HSA-9663891,FALSE,7.30E-08,7.136943312,80,37,8,10790,"A0A384MEE3,A0A7P0TAW3,K9JA46,P0DPH7,P0DPH8,P68363,P68371,Q71U36"
REAC,Formation of tubulin folding intermediates by CCT/TriC,REAC:R-HSA-389960,FALSE,8.20E-08,7.086400308,26,37,6,10790,"A0A384MEE3,P0DPH7,P0DPH8,P68363,P68371,Q71U36"
REAC,Gap junction trafficking,REAC:R-HSA-190828,FALSE,8.34E-08,7.079047998,49,37,7,10790,"A0A384MEE3,P0DPH7,P0DPH8,P60709,P68363,P68371,Q71U36"
REAC,Gap junction trafficking and regulation,REAC:R-HSA-157858,FALSE,9.67E-08,7.014606905,50,37,7,10790,"A0A384MEE3,P0DPH7,P0DPH8,P60709,P68363,P68371,Q71U36"
REAC,Activation of AMPK downstream of NMDARs,REAC:R-HSA-9619483,FALSE,1.33E-07,6.874664595,28,37,6,10790,"A0A384MEE3,P0DPH7,P0DPH8,P68363,P68371,Q71U36"
REAC,Prefoldin mediated transfer of substrate  to CCT/TriC,REAC:R-HSA-389957,FALSE,1.33E-07,6.874664595,28,37,6,10790,"A0A384MEE3,P0DPH7,P0DPH8,P60709,P68371,Q71U36"
REAC,DNA Replication,REAC:R-HSA-69306,FALSE,1.66E-07,6.78114977,188,37,10,10790,"A0A024QZZ7,A0A024RCJ2,A0A024RCJ9,A0A024RCL8,P23527,P57053,Q16778,Q93079,Q99879,Q99880"
REAC,DNA Repair,REAC:R-HSA-73894,FALSE,1.80E-07,6.744371158,330,37,12,10790,"A0A024QZZ7,A0A024RCJ2,A0A024RCJ9,A0A024RCL8,A0A7P0TAW3,P23527,P57053,P60709,Q16778,Q93079,Q99879,Q99880"
REAC,Cellular Senescence,REAC:R-HSA-2559583,FALSE,2.37E-07,6.625534983,195,37,10,10790,"A0A024QZZ7,A0A024RCJ2,A0A024RCJ9,A0A024RCL8,P23527,P57053,Q16778,Q93079,Q99879,Q99880"
REAC,Sealing of the nuclear envelope (NE) by ESCRT-III,REAC:R-HSA-9668328,FALSE,3.18E-07,6.49777469,32,37,6,10790,"A0A384MEE3,P0DPH7,P0DPH8,P68363,P68371,Q71U36"
REAC,Chromatin organization,REAC:R-HSA-4839726,FALSE,3.74E-07,6.427410126,273,37,11,10790,"A0A024QZZ7,A0A024RCJ2,A0A024RCJ9,A0A024RCL8,P23527,P60709,Q16778,Q5QNW6,Q93079,Q99879,Q99880"
REAC,Chromatin modifying enzymes,REAC:R-HSA-3247509,FALSE,3.74E-07,6.427410126,273,37,11,10790,"A0A024QZZ7,A0A024RCJ2,A0A024RCJ9,A0A024RCL8,P23527,P60709,Q16778,Q5QNW6,Q93079,Q99879,Q99880"
REAC,Autophagy,REAC:R-HSA-9612973,FALSE,4.51E-07,6.345420697,149,37,9,10790,"A0A024RD80,A0A384MEE3,A0A7P0TAW3,K9JA46,P0DPH7,P0DPH8,P68363,P68371,Q71U36"
REAC,Axon guidance,REAC:R-HSA-422475,FALSE,4.81E-07,6.317870631,549,37,14,10790,"A0A024R324,A0A024RD80,A0A2R8Y811,A0A384MEE3,J3QRS3,K9JA46,O14950,P0DPH7,P0DPH8,P23396,P60709,P68363,P68371,Q71U36"
REAC,Ub-specific processing proteases,REAC:R-HSA-5689880,FALSE,8.02E-07,6.095869513,221,37,10,10790,"A0A024QZZ7,A0A024RCJ2,A0A024RCJ9,A0A024RCL8,P23527,Q16778,Q5QNW6,Q93079,Q99879,Q99880"
REAC,Nervous system development,REAC:R-HSA-9675108,FALSE,8.58E-07,6.066534649,574,37,14,10790,"A0A024R324,A0A024RD80,A0A2R8Y811,A0A384MEE3,J3QRS3,K9JA46,O14950,P0DPH7,P0DPH8,P23396,P60709,P68363,P68371,Q71U36"
REAC,Gap junction assembly,REAC:R-HSA-190861,FALSE,9.54E-07,6.020412492,38,37,6,10790,"A0A384MEE3,P0DPH7,P0DPH8,P68363,P68371,Q71U36"
REAC,TCF dependent signaling in response to WNT,REAC:R-HSA-201681,FALSE,1.28E-06,5.891643518,232,37,10,10790,"A0A024QZZ7,A0A024RCJ2,A0A024RCJ9,A0A024RCL8,P23527,P57053,Q16778,Q93079,Q99879,Q99880"
REAC,Signaling by NOTCH,REAC:R-HSA-157118,FALSE,1.34E-06,5.873596949,233,37,10,10790,"A0A024QZZ7,A0A024RCJ2,A0A024RCJ9,A0A024RCL8,P23527,P57053,Q16778,Q93079,Q99879,Q99880"
REAC,Translocation of SLC2A4 (GLUT4) to the plasma membrane,REAC:R-HSA-1445148,FALSE,1.35E-06,5.869210955,72,37,7,10790,"A0A384MEE3,P0DPH7,P0DPH8,P60709,P68363,P68371,Q71U36"
REAC,Transcriptional regulation by RUNX1,REAC:R-HSA-8878171,FALSE,1.51E-06,5.819954061,236,37,10,10790,"A0A024QZZ7,A0A024RCJ2,A0A024RCJ9,A0A024RCL8,P23527,P57053,Q16778,Q93079,Q99879,Q99880"
REAC,Assembly and cell surface presentation of NMDA receptors,REAC:R-HSA-9609736,FALSE,2.08E-06,5.681713767,43,37,6,10790,"A0A384MEE3,P0DPH7,P0DPH8,P68363,P68371,Q71U36"
REAC,Signaling by WNT,REAC:R-HSA-195721,FALSE,2.57E-06,5.589512457,328,37,11,10790,"A0A024QZZ7,A0A024R324,A0A024RCJ2,A0A024RCJ9,A0A024RCL8,P23527,P57053,Q16778,Q93079,Q99879,Q99880"
REAC,Carboxyterminal post-translational modifications of tubulin,REAC:R-HSA-8955332,FALSE,2.77E-06,5.558041934,45,37,6,10790,"A0A384MEE3,P0DPH7,P0DPH8,P68363,P68371,Q71U36"
REAC,Macroautophagy,REAC:R-HSA-1632852,FALSE,4.61E-06,5.33675601,134,37,8,10790,"A0A384MEE3,A0A7P0TAW3,K9JA46,P0DPH7,P0DPH8,P68363,P68371,Q71U36"
REAC,RHO GTPases Activate Formins,REAC:R-HSA-5663220,FALSE,5.18E-06,5.285990041,136,37,8,10790,"A0A024R324,A0A384MEE3,P0DPH7,P0DPH8,P60709,P68363,P68371,Q71U36"
REAC,Chaperonin-mediated protein folding,REAC:R-HSA-390466,FALSE,7.09E-06,5.149459415,91,37,7,10790,"A0A384MEE3,P0DPH7,P0DPH8,P60709,P68363,P68371,Q71U36"
REAC,COPI-independent Golgi-to-ER retrograde traffic,REAC:R-HSA-6811436,FALSE,7.65E-06,5.116593837,53,37,6,10790,"A0A384MEE3,P0DPH7,P0DPH8,P68363,P68371,Q71U36"
REAC,Intraflagellar transport,REAC:R-HSA-5620924,FALSE,8.58E-06,5.06651418,54,37,6,10790,"A0A384MEE3,P0DPH7,P0DPH8,P68363,P68371,Q71U36"
REAC,Recruitment of NuMA to mitotic centrosomes,REAC:R-HSA-380320,FALSE,9.58E-06,5.018506121,95,37,7,10790,"A0A384MEE3,K9JA46,P0DPH7,P0DPH8,P68363,P68371,Q71U36"
REAC,Cell Cycle Checkpoints,REAC:R-HSA-69620,FALSE,1.05E-05,4.977869737,289,37,10,10790,"A0A024QZZ7,A0A024RCJ2,A0A024RCJ9,A0A024RCL8,P23527,P57053,Q16778,Q93079,Q99879,Q99880"
REAC,Protein folding,REAC:R-HSA-391251,FALSE,1.19E-05,4.924098681,98,37,7,10790,"A0A384MEE3,P0DPH7,P0DPH8,P60709,P68363,P68371,Q71U36"
REAC,COPI-dependent Golgi-to-ER retrograde traffic,REAC:R-HSA-6811434,FALSE,1.28E-05,4.893313968,99,37,7,10790,"A0A024R3Q0,A0A384MEE3,P0DPH7,P0DPH8,P68363,P68371,Q71U36"
REAC,COPI-mediated anterograde transport,REAC:R-HSA-6807878,FALSE,1.57E-05,4.802915056,102,37,7,10790,"A0A024R3Q0,A0A384MEE3,P0DPH7,P0DPH8,P68363,P68371,Q71U36"
REAC,Kinesins,REAC:R-HSA-983189,FALSE,1.64E-05,4.785504407,60,37,6,10790,"A0A384MEE3,P0DPH7,P0DPH8,P68363,P68371,Q71U36"
REAC,Signal Transduction,REAC:R-HSA-162582,FALSE,3.45E-05,4.462006749,2535,37,24,10790,"A0A024QZZ7,A0A024R324,A0A024R694,A0A024RCJ2,A0A024RCJ9,A0A024RCL8,A0A024RD80,A0A384MEE3,A0A7P0TAW3,A8KAH9,K9JA46,O14950,P0DPH7,P0DPH8,P23527,P57053,P60709,P68363,P68371,Q16778,Q71U36,Q93079,Q99879,Q99880"
REAC,Nuclear Envelope (NE) Reassembly,REAC:R-HSA-2995410,FALSE,4.19E-05,4.378105187,70,37,6,10790,"A0A384MEE3,P0DPH7,P0DPH8,P68363,P68371,Q71U36"
REAC,L1CAM interactions,REAC:R-HSA-373760,FALSE,4.58E-05,4.339060999,119,37,7,10790,"A0A384MEE3,P0DPH7,P0DPH8,P60709,P68363,P68371,Q71U36"
REAC,MHC class II antigen presentation,REAC:R-HSA-2132295,FALSE,5.75E-05,4.240223142,123,37,7,10790,"A0A024R3Q0,A0A384MEE3,P0DPH7,P0DPH8,P68363,P68371,Q71U36"
REAC,Post NMDA receptor activation events,REAC:R-HSA-438064,FALSE,6.88E-05,4.162513719,76,37,6,10790,"A0A384MEE3,P0DPH7,P0DPH8,P68363,P68371,Q71U36"
REAC,G2/M Transition,REAC:R-HSA-69275,FALSE,8.89E-05,4.050888291,196,37,8,10790,"A0A024RD80,A0A384MEE3,K9JA46,P0DPH7,P0DPH8,P68363,P68371,Q71U36"
REAC,Mitotic G2-G2/M phases,REAC:R-HSA-453274,FALSE,9.61E-05,4.017071949,198,37,8,10790,"A0A024RD80,A0A384MEE3,K9JA46,P0DPH7,P0DPH8,P68363,P68371,Q71U36"
REAC,Golgi-to-ER retrograde transport,REAC:R-HSA-8856688,FALSE,9.83E-05,4.00746541,133,37,7,10790,"A0A024R3Q0,A0A384MEE3,P0DPH7,P0DPH8,P68363,P68371,Q71U36"
REAC,Activation of NMDA receptors and postsynaptic events,REAC:R-HSA-442755,FALSE,0.00017705,3.751903811,89,37,6,10790,"A0A384MEE3,P0DPH7,P0DPH8,P68363,P68371,Q71U36"
REAC,Signaling by Hedgehog,REAC:R-HSA-5358351,FALSE,0.000213031,3.671556555,149,37,7,10790,"A0A384MEE3,A0A7P0TAW3,P0DPH7,P0DPH8,P68363,P68371,Q71U36"
REAC,Asparagine N-linked glycosylation,REAC:R-HSA-446203,FALSE,0.000223472,3.65077629,305,37,9,10790,"A0A024R3Q0,A0A384MEE3,A0A7P0TAW3,P0DPH7,P0DPH8,P27797,P68363,P68371,Q71U36"
REAC,ER to Golgi Anterograde Transport,REAC:R-HSA-199977,FALSE,0.000278298,3.555489284,155,37,7,10790,"A0A024R3Q0,A0A384MEE3,P0DPH7,P0DPH8,P68363,P68371,Q71U36"
REAC,Factors involved in megakaryocyte development and platelet production,REAC:R-HSA-983231,FALSE,0.000498298,3.302511103,169,37,7,10790,"A0A384MEE3,P0DPH7,P0DPH8,P60709,P68363,P68371,Q71U36"
REAC,Hedgehog 'off' state,REAC:R-HSA-5610787,FALSE,0.000725417,3.139412122,113,37,6,10790,"A0A384MEE3,P0DPH7,P0DPH8,P68363,P68371,Q71U36"
REAC,EML4 and NUDC in mitotic spindle formation,REAC:R-HSA-9648025,FALSE,0.00080388,3.094808925,115,37,6,10790,"A0A384MEE3,P0DPH7,P0DPH8,P68363,P68371,Q71U36"
REAC,Transport to the Golgi and subsequent modification,REAC:R-HSA-948021,FALSE,0.000945814,3.024194307,186,37,7,10790,"A0A024R3Q0,A0A384MEE3,P0DPH7,P0DPH8,P68363,P68371,Q71U36"
REAC,Resolution of Sister Chromatid Cohesion,REAC:R-HSA-2500257,FALSE,0.001190251,2.924361295,123,37,6,10790,"A0A384MEE3,P0DPH7,P0DPH8,P68363,P68371,Q71U36"
REAC,Mitotic Prometaphase,REAC:R-HSA-68877,FALSE,0.001531096,2.814997692,200,37,7,10790,"A0A384MEE3,K9JA46,P0DPH7,P0DPH8,P68363,P68371,Q71U36"
REAC,Intra-Golgi and retrograde Golgi-to-ER traffic,REAC:R-HSA-6811442,FALSE,0.001635232,2.786420738,202,37,7,10790,"A0A024R3Q0,A0A384MEE3,P0DPH7,P0DPH8,P68363,P68371,Q71U36"
REAC,Cilium Assembly,REAC:R-HSA-5617833,FALSE,0.001635232,2.786420738,202,37,7,10790,"A0A384MEE3,K9JA46,P0DPH7,P0DPH8,P68363,P68371,Q71U36"
REAC,Organelle biogenesis and maintenance,REAC:R-HSA-1852241,FALSE,0.001887302,2.724158649,294,37,8,10790,"A0A384MEE3,K9JA46,P0DPH7,P0DPH8,P48735,P68363,P68371,Q71U36"
REAC,HSF1 activation,REAC:R-HSA-3371511,FALSE,0.002815045,2.550514666,12,37,3,10790,"A0A024RD80,A0A7P0TAW3,K9JA46"
REAC,Hemostasis,REAC:R-HSA-109582,FALSE,0.003409625,2.467293445,672,37,11,10790,"A0A024R324,A0A024R694,A0A384MEE3,A8KAH9,P02768,P0DPH7,P0DPH8,P60709,P68363,P68371,Q71U36"
REAC,Vesicle-mediated transport,REAC:R-HSA-5653656,FALSE,0.00638199,2.195043892,718,37,11,10790,"A0A024R3Q0,A0A384MEE3,K9JA46,P02768,P0DPH7,P0DPH8,P27797,P60709,P68363,P68371,Q71U36"
REAC,Separation of Sister Chromatids,REAC:R-HSA-2467813,FALSE,0.01348989,1.869991607,188,37,6,10790,"A0A384MEE3,P0DPH7,P0DPH8,P68363,P68371,Q71U36"
REAC,Neurotransmitter receptors and postsynaptic signal transmission,REAC:R-HSA-112314,FALSE,0.017038301,1.768573708,196,37,6,10790,"A0A384MEE3,P0DPH7,P0DPH8,P68363,P68371,Q71U36"
REAC,RHOBTB2 GTPase cycle,REAC:R-HSA-9013418,FALSE,0.022079442,1.65601191,23,37,3,10790,"A0A024R694,A0A024RD80,K9JA46"
REAC,Semaphorin interactions,REAC:R-HSA-373755,FALSE,0.022600197,1.645887776,64,37,4,10790,"A0A024R324,A0A024RD80,K9JA46,O14950"
REAC,Mitotic Anaphase,REAC:R-HSA-68882,FALSE,0.039425529,1.404222468,228,37,6,10790,"A0A384MEE3,P0DPH7,P0DPH8,P68363,P68371,Q71U36"
REAC,Mitotic Metaphase and Anaphase,REAC:R-HSA-2555396,FALSE,0.040385978,1.393769394,229,37,6,10790,"A0A384MEE3,P0DPH7,P0DPH8,P68363,P68371,Q71U36"
WP,Pathogenic Escherichia coli infection,WP:WP2272,FALSE,8.88E-10,9.051354244,55,28,8,8133,"A0A024R324,A0A384MEE3,P0DPH7,P0DPH8,P60709,P68363,P68371,Q71U36"
WP,Parkin-ubiquitin proteasomal system pathway,WP:WP2359,FALSE,1.42E-05,4.846584246,71,28,6,8133,"A0A384MEE3,P0DPH7,P0DPH8,P68363,P68371,Q71U36"
WP,Focal adhesion,WP:WP306,FALSE,0.00041643,3.380457617,197,28,7,8133,"A0A024R324,A0A024R694,A0A804HK76,A8KAH9,J3QRS3,O14950,P60709"
WP,Alzheimer's disease,WP:WP5124,FALSE,0.025839891,1.587709319,260,28,6,8133,"A0A384MEE3,P0DPH7,P0DPH8,P68363,P68371,Q71U36"
TF,Factor: NRF-1; motif: YGCGCMTGCGC,TF:M02102,FALSE,1.14E-07,6.941322864,2075,37,20,20011,"A0A024QZ30,A0A024QZZ7,A0A024R324,A0A024R3Q0,A0A024R3X4,A0A024RCJ2,A0A024RCJ9,A0A024RCL8,A0A384MTR2,A0A804HK76,J3QRS3,K9JA46,P23527,P57053,P60709,P68363,P68371,Q16778,Q5QNW6,Q99880"
TF,Factor: NRF-1; motif: CNSTGCGCATGCGCNNS,TF:M10018,FALSE,1.68E-06,5.775339817,1859,37,18,20011,"A0A024QZ30,A0A024QZZ7,A0A024R324,A0A024R3Q0,A0A024RCJ2,A0A024RCJ9,A0A024RCL8,A0A384MTR2,A0A804HK76,J3QRS3,K9JA46,P23527,P57053,P60709,P68363,Q16778,Q5QNW6,Q99880"
TF,Factor: NRF-1; motif: SYGCGCMTGCGCRNNGSN,TF:M09641,FALSE,9.15E-06,5.038461978,3303,37,22,20011,"A0A024QZ30,A0A024QZZ7,A0A024R324,A0A024R3Q0,A0A024R3X4,A0A024RCJ2,A0A024RCJ9,A0A024RCL8,A0A384MEE3,A0A384MTR2,A0A804HK76,J3QRS3,K9JA46,P0DPH7,P23527,P57053,P60709,P68363,P68371,Q16778,Q5QNW6,Q99880"
TF,Factor: NRF-1; motif: CNCTGCGCATGCGC,TF:M04694,FALSE,1.28E-05,4.893266383,1587,37,16,20011,"A0A024QZ30,A0A024QZZ7,A0A024R3Q0,A0A024RCJ2,A0A024RCJ9,A0A024RCL8,A0A384MTR2,J3QRS3,K9JA46,P23527,P57053,P60709,P68363,Q16778,Q5QNW6,Q99880"
TF,Factor: REST; motif: TTCAGCACCAYGGA,TF:M04695,FALSE,0.000608022,3.216080969,1072,37,12,20011,"A0A024QZZ7,A0A024RCJ9,A0A024RCL8,P0DPH7,P0DPH8,P23527,P57053,Q16778,Q5QNW6,Q93079,Q99879,Q99880"
TF,Factor: NF-Y; motif: NCTGATTGGYTASY; match class: 1,TF:M00209_1,FALSE,0.00855949,2.067552096,702,37,9,20011,"A0A024RCJ2,A0A024RCL8,A0A7P0TAW3,P0DPH7,P0DPH8,P23527,Q93079,Q99879,Q99880"
TF,Factor: E2F-4; motif: NTTTCSCGCC; match class: 1,TF:M07380_1,FALSE,0.008803239,2.055357525,8209,37,29,20011,"A0A024QZ30,A0A024QZZ7,A0A024R324,A0A024R3Q0,A0A024R3X4,A0A024R694,A0A024RCJ2,A0A024RCJ9,A0A024RCL8,A0A024RD80,A0A2R8Y811,A0A384MEE3,A0A7P0TAW3,A8KAH9,O14950,P0DPH7,P0DPH8,P23396,P23527,P27797,P48735,P60709,P68363,P68371,Q16778,Q5QNW6,Q93079,Q99879,Q99880"
TF,Factor: YB-1; motif: CCAMTCNGMR; match class: 1,TF:M03805_1,FALSE,0.018251296,1.738706302,3766,37,19,20011,"A0A024QZZ7,A0A024RCJ2,A0A024RCJ9,A0A024RCL8,A0A2R8Y811,A0A384MEE3,A0A7P0TAW3,J3QRS3,P0DPH7,P0DPH8,P23527,P27797,P48735,P60709,Q16778,Q71U36,Q93079,Q99879,Q99880"
TF,Factor: Alx-4; motif: NNCRTTAN; match class: 1,TF:M10880_1,FALSE,0.02421599,1.615897777,2747,37,16,20011,"A0A024QZ30,A0A024QZZ7,A0A024R324,A0A024RCJ2,A0A024RCJ9,A0A024RD80,A0A2R8Y811,J3QRS3,O14950,P0DPH8,P27797,P60709,P68363,Q5QNW6,Q99880"
TF,Factor: PRX-2; motif: NKCGTTAN; match class: 1,TF:M10885_1,FALSE,0.024752376,1.606383107,2420,37,15,20011,"A0A024QZ30,A0A024QZZ7,A0A024R324,A0A024RCJ2,A0A024RCJ9,A0A2R8Y811,J3QRS3,O14950,P0DPH8,P27797,P60709,P68363,Q5QNW6,Q99880"
TF,Factor: AR; motif: GGNACRNNRTGTWCT; match class: 1,TF:M01201_1,FALSE,0.030455282,1.51633737,2143,37,14,20011,"A0A024R3X4,A0A024RCJ2,A0A024RCL8,A0A384MEE3,A8KAH9,P23527,P27797,P48735,P57053,P68363,Q16778,Q5QNW6,Q93079,Q99879"
TF,Factor: Kaiso; motif: TCTCGCGAG; match class: 1,TF:M04691_1,FALSE,0.049589154,1.304613303,10707,37,32,20011,"A0A024QZ30,A0A024QZZ7,A0A024R324,A0A024R3Q0,A0A024R3X4,A0A024R694,A0A024RCJ2,A0A024RCJ9,A0A024RCL8,A0A2R8Y811,A0A384MEE3,A0A384MTR2,A0A804HK76,J3QRS3,K9JA46,O14950,P0DPH7,P0DPH8,P23396,P23527,P27797,P48735,P57053,P60709,P68363,P68371,Q16778,Q5QNW6,Q71U36,Q93079,Q99879,Q99880"
MIRNA,hsa-miR-760,MIRNA:hsa-miR-760,FALSE,4.75E-06,5.323636911,194,34,8,14850,"A0A024QZ30,K9JA46,P23527,P68363,Q16778,Q5QNW6,Q93079,Q99880"
MIRNA,hsa-miR-320a,MIRNA:hsa-miR-320a,FALSE,1.80E-05,4.745758474,581,34,11,14850,"A0A024R3Q0,A0A024RCJ2,A0A024RCL8,A0A024RD80,A0A384MTR2,P23527,P27797,P60709,P68363,Q93079,Q99880"
MIRNA,hsa-miR-296-3p,MIRNA:hsa-miR-296-3p,FALSE,4.10E-05,4.386927919,256,34,8,14850,"A0A024QZZ7,A0A024R3Q0,A0A024RD80,A0A7P0TAW3,P23527,P68363,Q16778,Q5QNW6"
MIRNA,hsa-miR-615-3p,MIRNA:hsa-miR-615-3p,FALSE,0.001296066,2.88737299,891,34,11,14850,"A0A024QZZ7,A0A024R3Q0,A0A024R694,A0A024RCJ2,A0A024RD80,A0A384MEE3,P23396,P68363,Q16778,Q5QNW6,Q71U36"
MIRNA,hsa-miR-6822-3p,MIRNA:hsa-miR-6822-3p,FALSE,0.023202784,1.634459908,89,34,4,14850,"P23527,Q16778,Q93079,Q99880"
HPA,soft tissue 1; peripheral nerve[High],HPA:0500703,FALSE,9.26E-12,11.03355372,241,32,13,11006,"A0A024QZZ7,A0A024RCJ2,A0A024RCJ9,A0A024RCL8,A0A7P0TAW3,P23527,P57053,P68363,Q16778,Q71U36,Q93079,Q99879,Q99880"
HPA,soft tissue 1; fibroblasts[High],HPA:0500653,FALSE,5.41E-11,10.26694018,541,32,16,11006,"A0A024QZZ7,A0A024RCJ2,A0A024RCJ9,A0A024RCL8,A0A2R8Y811,A0A384MTR2,A0A7P0TAW3,P23527,P57053,P68363,Q16778,Q5QNW6,Q71U36,Q93079,Q99879,Q99880"
HPA,soft tissue 2; peripheral nerve[High],HPA:0510703,FALSE,1.14E-10,9.941724786,293,32,13,11006,"A0A024QZZ7,A0A024RCJ2,A0A024RCJ9,A0A024RCL8,P23527,P57053,P68363,Q16778,Q5QNW6,Q71U36,Q93079,Q99879,Q99880"
HPA,soft tissue 2; fibroblasts[High],HPA:0510653,FALSE,5.92E-10,9.227925176,521,32,15,11006,"A0A024QZZ7,A0A024RCJ2,A0A024RCJ9,A0A024RCL8,A0A384MTR2,A0A7P0TAW3,P23527,P57053,P68363,Q16778,Q5QNW6,Q71U36,Q93079,Q99879,Q99880"
HPA,testis; peritubular cells[High],HPA:0570773,FALSE,8.98E-10,9.04682872,198,32,11,11006,"A0A024QZZ7,A0A024RCJ2,A0A024RCJ9,A0A024RCL8,P23527,P57053,Q16778,Q5QNW6,Q93079,Q99879,Q99880"
HPA,bronchus; respiratory epithelial cells[High],HPA:0060103,FALSE,1.53E-09,8.816421949,1845,32,23,11006,"A0A024QZ30,A0A024QZZ7,A0A024R3X4,A0A024R694,A0A024RCJ2,A0A024RCJ9,A0A024RCL8,A0A024RD80,A0A2R8Y811,A0A384MTR2,A0A7P0TAW3,A0A804HK76,P23527,P48735,P57053,P68363,P68371,Q16778,Q5QNW6,Q71U36,Q93079,Q99879,Q99880"
HPA,ovary; ovarian stroma cells[High],HPA:0340463,FALSE,2.90E-09,8.537722671,378,32,13,11006,"A0A024QZZ7,A0A024RCJ2,A0A024RCJ9,A0A024RCL8,P23527,P57053,P68363,Q16778,Q5QNW6,Q71U36,Q93079,Q99879,Q99880"
HPA,liver; cholangiocytes[High],HPA:0291163,FALSE,8.57E-09,8.066933584,322,32,12,11006,"A0A024QZZ7,A0A024RCJ2,A0A024RCJ9,A0A024RCL8,A0A804HK76,P23527,P57053,Q16778,Q5QNW6,Q93079,Q99879,Q99880"
HPA,lymph node; germinal center cells[High],HPA:0310433,FALSE,2.14E-08,7.669923331,945,32,17,11006,"A0A024QZZ7,A0A024RCJ2,A0A024RCJ9,A0A024RCL8,A0A024RD80,A0A7P0TAW3,P23527,P48735,P57053,P60709,P68363,P68371,Q5QNW6,Q71U36,Q93079,Q99879,Q99880"
HPA,fallopian tube; glandular cells[High],HPA:0210053,FALSE,2.57E-08,7.589822629,1666,32,21,11006,"A0A024QZZ7,A0A024R3X4,A0A024R694,A0A024RCJ2,A0A024RCJ9,A0A024RCL8,A0A024RD80,A0A384MTR2,A0A7P0TAW3,A0A804HK76,P23527,P48735,P57053,P68363,P68371,Q16778,Q5QNW6,Q71U36,Q93079,Q99879,Q99880"
HPA,adipose tissue; adipocytes[High],HPA:0010013,FALSE,3.37E-08,7.471983314,460,32,13,11006,"A0A024QZZ7,A0A024RCJ2,A0A024RCJ9,A0A024RCL8,A0A384MTR2,A0A7P0TAW3,P23527,P57053,Q16778,Q5QNW6,Q93079,Q99879,Q99880"
HPA,tonsil; non-germinal center cells[High],HPA:0600443,FALSE,4.16E-08,7.380711052,1320,32,19,11006,"A0A024QZZ7,A0A024R694,A0A024RCJ2,A0A024RCJ9,A0A024RCL8,A0A024RD80,A0A2R8Y811,A0A7P0TAW3,P23527,P48735,P57053,P60709,P68363,Q16778,Q5QNW6,Q71U36,Q93079,Q99879,Q99880"
HPA,prostate; glandular cells[High],HPA:0390053,FALSE,5.07E-08,7.295057103,1335,32,19,11006,"A0A024QZZ7,A0A024R694,A0A024RCJ2,A0A024RCJ9,A0A024RCL8,A0A024RD80,A0A2R8Y811,A0A7P0TAW3,A0A804HK76,P23527,P48735,P57053,P68363,Q16778,Q5QNW6,Q71U36,Q93079,Q99879,Q99880"
HPA,breast; adipocytes[High],HPA:0050013,FALSE,1.13E-07,6.947008134,310,32,11,11006,"A0A024QZZ7,A0A024RCJ2,A0A024RCJ9,A0A024RCL8,A0A7P0TAW3,P23527,P57053,Q5QNW6,Q93079,Q99879,Q99880"
HPA,appendix; lymphoid tissue[High],HPA:0030073,FALSE,1.36E-07,6.86697811,764,32,15,11006,"A0A024QZZ7,A0A024R694,A0A024RCJ2,A0A024RCJ9,A0A024RCL8,A0A7P0TAW3,P23527,P57053,P68363,Q16778,Q5QNW6,Q71U36,Q93079,Q99879,Q99880"
HPA,pancreas; pancreatic endocrine cells[High],HPA:0351183,FALSE,2.67E-07,6.573398418,802,32,15,11006,"A0A024QZZ7,A0A024R694,A0A024RCJ2,A0A024RCJ9,A0A024RCL8,A0A804HK76,P23527,P57053,P68363,Q16778,Q5QNW6,Q71U36,Q93079,Q99879,Q99880"
HPA,endometrium 1; cells in endometrial stroma[High],HPA:0160253,FALSE,2.68E-07,6.571882677,434,32,12,11006,"A0A024QZZ7,A0A024R694,A0A024RCJ2,A0A024RCJ9,A0A024RCL8,P23527,P57053,Q16778,Q5QNW6,Q93079,Q99879,Q99880"
HPA,lung; alveolar cells[High],HPA:0301173,FALSE,3.30E-07,6.481503661,442,32,12,11006,"A0A024QZZ7,A0A024RCJ2,A0A024RCJ9,A0A024RCL8,P23527,P57053,P68363,Q16778,Q71U36,Q93079,Q99879,Q99880"
HPA,skin 1; Langerhans[High],HPA:0460643,FALSE,4.14E-07,6.382802751,564,32,13,11006,"A0A024QZZ7,A0A024RCJ2,A0A024RCJ9,A0A024RCL8,A0A2R8Y811,A0A7P0TAW3,P23527,P57053,Q16778,Q5QNW6,Q93079,Q99879,Q99880"
HPA,skin 1; melanocytes[High],HPA:0460673,FALSE,4.64E-07,6.333949352,986,32,16,11006,"A0A024QZZ7,A0A024RCJ2,A0A024RCJ9,A0A024RCL8,A0A2R8Y811,A0A384MTR2,A0A7P0TAW3,P23527,P57053,P68363,Q16778,Q5QNW6,Q71U36,Q93079,Q99879,Q99880"
HPA,breast; myoepithelial cells[High],HPA:0050093,FALSE,4.91E-07,6.309113564,838,32,15,11006,"A0A024QZZ7,A0A024R694,A0A024RCJ2,A0A024RCJ9,A0A024RCL8,P23527,P57053,P60709,P68363,Q16778,Q5QNW6,Q71U36,Q93079,Q99879,Q99880"
HPA,endometrium 2; cells in endometrial stroma[High],HPA:0170253,FALSE,5.33E-07,6.273369267,359,32,11,11006,"A0A024QZZ7,A0A024RCJ2,A0A024RCJ9,A0A024RCL8,P23527,P57053,Q16778,Q5QNW6,Q93079,Q99879,Q99880"
HPA,breast; glandular cells[High],HPA:0050053,FALSE,6.06E-07,6.217719691,1349,32,18,11006,"A0A024QZZ7,A0A024R694,A0A024RCJ2,A0A024RCJ9,A0A024RCL8,A0A2R8Y811,A0A384MTR2,A0A7P0TAW3,A0A804HK76,P23527,P57053,P68363,Q16778,Q5QNW6,Q71U36,Q93079,Q99879,Q99880"
HPA,kidney; cells in glomeruli[High],HPA:0270353,FALSE,6.07E-07,6.21675784,851,32,15,11006,"A0A024QZZ7,A0A024R3X4,A0A024R694,A0A024RCJ2,A0A024RCJ9,A0A024RCL8,A0A7P0TAW3,A0A804HK76,P23527,P57053,Q16778,Q5QNW6,Q93079,Q99879,Q99880"
HPA,urinary bladder; urothelial cells[High],HPA:0610833,FALSE,1.18E-06,5.928479311,2037,32,21,11006,"A0A024QZ30,A0A024QZZ7,A0A024R694,A0A024RCJ2,A0A024RCJ9,A0A024RCL8,A0A024RD80,A0A2R8Y811,A0A384MTR2,A0A7P0TAW3,A0A804HK76,P23527,P48735,P57053,P68363,Q16778,Q5QNW6,Q71U36,Q93079,Q99879,Q99880"
HPA,tonsil; germinal center cells[High],HPA:0600433,FALSE,1.29E-06,5.889617268,1229,32,17,11006,"A0A024QZZ7,A0A024RCJ2,A0A024RCJ9,A0A024RCL8,A0A024RD80,A0A7P0TAW3,P23527,P48735,P57053,P68363,P68371,Q16778,Q5QNW6,Q71U36,Q93079,Q99879,Q99880"
HPA,epididymis; glandular cells[High],HPA:0180053,FALSE,1.53E-06,5.816131754,1839,32,20,11006,"A0A024QZZ7,A0A024R694,A0A024RCJ2,A0A024RCJ9,A0A024RCL8,A0A024RD80,A0A384MTR2,A0A7P0TAW3,A0A804HK76,P23527,P57053,P60709,P68363,P68371,Q16778,Q5QNW6,Q71U36,Q93079,Q99879,Q99880"
HPA,hippocampus; neuronal cells[High],HPA:0250133,FALSE,1.76E-06,5.755532078,1254,32,17,11006,"A0A024QZZ7,A0A024R694,A0A024RCJ2,A0A024RCJ9,A0A024RCL8,A0A2R8Y811,A0A384MTR2,A0A7P0TAW3,P23527,P57053,P68363,Q16778,Q5QNW6,Q71U36,Q93079,Q99879,Q99880"
HPA,bone marrow; hematopoietic cells[High],HPA:0040083,FALSE,2.00E-06,5.699985752,1452,32,18,11006,"A0A024QZZ7,A0A024RCJ2,A0A024RCJ9,A0A024RCL8,A0A024RD80,A0A2R8Y811,A0A384MTR2,A0A7P0TAW3,P23527,P48735,P57053,P68363,Q16778,Q5QNW6,Q71U36,Q93079,Q99879,Q99880"
HPA,skin 1; keratinocytes[High],HPA:0460663,FALSE,2.15E-06,5.668563418,646,32,13,11006,"A0A024QZZ7,A0A024RCJ2,A0A024RCJ9,A0A024RCL8,A0A2R8Y811,A0A7P0TAW3,P23527,P57053,Q16778,Q5QNW6,Q93079,Q99879,Q99880"
HPA,breast; adipocytes[,HPA:0050012,FALSE,2.99E-06,5.524178981,1489,32,18,11006,"A0A024QZZ7,A0A024R324,A0A024RCJ2,A0A024RCJ9,A0A024RCL8,A0A024RD80,A0A2R8Y811,A0A384MTR2,A0A7P0TAW3,P23527,P57053,P68363,Q16778,Q5QNW6,Q71U36,Q93079,Q99879,Q99880"
HPA,oral mucosa; squamous epithelial cells[High],HPA:0330223,FALSE,4.38E-06,5.358458819,1151,32,16,11006,"A0A024QZZ7,A0A024RCJ2,A0A024RCJ9,A0A024RCL8,A0A2R8Y811,A0A384MTR2,A0A7P0TAW3,P23527,P57053,P68363,Q16778,Q5QNW6,Q71U36,Q93079,Q99879,Q99880"
HPA,liver; cholangiocytes[,HPA:0291162,FALSE,4.86E-06,5.313058567,1963,32,20,11006,"A0A024QZ30,A0A024QZZ7,A0A024R3X4,A0A024R694,A0A024RCJ2,A0A024RCJ9,A0A024RCL8,A0A024RD80,A0A384MTR2,A0A7P0TAW3,A0A804HK76,P23527,P57053,P68363,Q16778,Q5QNW6,Q71U36,Q93079,Q99879,Q99880"
HPA,nasopharynx; respiratory epithelial cells[High],HPA:0320103,FALSE,8.18E-06,5.087417586,1797,32,19,11006,"A0A024QZZ7,A0A024R694,A0A024RCJ2,A0A024RCJ9,A0A024RCL8,A0A2R8Y811,A0A384MTR2,A0A7P0TAW3,P23527,P48735,P57053,P68363,P68371,Q16778,Q5QNW6,Q71U36,Q93079,Q99879,Q99880"
HPA,testis; peritubular cells[,HPA:0570772,FALSE,8.39E-06,5.076315167,468,32,11,11006,"A0A024QZZ7,A0A024RCJ2,A0A024RCJ9,A0A024RCL8,P23527,P57053,Q16778,Q5QNW6,Q93079,Q99879,Q99880"
HPA,ovary; follicle cells[High],HPA:0340453,FALSE,1.39E-05,4.857255535,617,32,12,11006,"A0A024QZZ7,A0A024RCJ2,A0A024RCJ9,A0A024RCL8,P23527,P57053,P68363,Q16778,Q71U36,Q93079,Q99879,Q99880"
HPA,endometrium 1; glandular cells[High],HPA:0160053,FALSE,1.93E-05,4.715518587,1469,32,17,11006,"A0A024QZZ7,A0A024R694,A0A024RCJ2,A0A024RCJ9,A0A024RCL8,A0A024RD80,A0A7P0TAW3,A0A804HK76,P23527,P57053,P68363,Q16778,Q5QNW6,Q71U36,Q93079,Q99879,Q99880"
HPA,seminal vesicle; glandular cells[High],HPA:0430053,FALSE,1.94E-05,4.711102094,1470,32,17,11006,"A0A024QZZ7,A0A024R694,A0A024RCJ2,A0A024RCJ9,A0A024RCL8,A0A7P0TAW3,A0A804HK76,P23527,P48735,P57053,P68363,Q16778,Q5QNW6,Q71U36,Q93079,Q99879,Q99880"
HPA,skin 1; fibroblasts[High],HPA:0460653,FALSE,3.49E-05,4.457549482,671,32,12,11006,"A0A024QZZ7,A0A024RCJ2,A0A024RCJ9,A0A024RCL8,A0A7P0TAW3,P23527,P57053,Q16778,Q5QNW6,Q93079,Q99879,Q99880"
HPA,stomach 1; glandular cells[High],HPA:0540053,FALSE,3.51E-05,4.454840667,2448,32,21,11006,"A0A024QZ30,A0A024QZZ7,A0A024R694,A0A024RCJ2,A0A024RCJ9,A0A024RCL8,A0A2R8Y811,A0A384MTR2,A0A7P0TAW3,A0A804HK76,P23527,P48735,P57053,P60709,P68363,Q16778,Q5QNW6,Q71U36,Q93079,Q99879,Q99880"
HPA,soft tissue 1; peripheral nerve[,HPA:0500702,FALSE,4.22E-05,4.375118967,1350,32,16,11006,"A0A024QZZ7,A0A024RCJ2,A0A024RCJ9,A0A024RCL8,A0A024RD80,A0A7P0TAW3,P23527,P57053,P68363,P68371,Q16778,Q5QNW6,Q71U36,Q93079,Q99879,Q99880"
HPA,hippocampus; glial cells[High],HPA:0250123,FALSE,4.27E-05,4.369968332,549,32,11,11006,"A0A024QZZ7,A0A024RCJ2,A0A024RCJ9,A0A024RCL8,P23527,P57053,Q16778,Q5QNW6,Q93079,Q99879,Q99880"
HPA,lung; macrophages[High],HPA:0300413,FALSE,5.02E-05,4.299022147,1367,32,16,11006,"A0A024QZZ7,A0A024R3X4,A0A024R694,A0A024RCJ2,A0A024RCJ9,A0A024RCL8,A0A384MTR2,P23527,P57053,P68363,Q16778,Q5QNW6,Q71U36,Q93079,Q99879,Q99880"
HPA,cervix; glandular cells[High],HPA:0630053,FALSE,5.21E-05,4.282958664,1183,32,15,11006,"A0A024QZZ7,A0A024R694,A0A024RCJ2,A0A024RCJ9,A0A024RCL8,P23527,P48735,P57053,P68363,Q16778,Q5QNW6,Q71U36,Q93079,Q99879,Q99880"
HPA,liver; hepatocytes[High],HPA:0290403,FALSE,6.78E-05,4.168791905,865,32,13,11006,"A0A024QZ30,A0A024QZZ7,A0A024R3X4,A0A024RCJ2,A0A024RCJ9,A0A024RCL8,A0A384MTR2,P23527,P57053,Q16778,Q93079,Q99879,Q99880"
HPA,lymph node; non-germinal center cells[High],HPA:0310443,FALSE,6.94E-05,4.15856508,1209,32,15,11006,"A0A024QZZ7,A0A024R694,A0A024RCJ2,A0A024RCJ9,A0A024RCL8,A0A024RD80,A0A7P0TAW3,P23527,P48735,P57053,P60709,Q5QNW6,Q93079,Q99879,Q99880"
HPA,cervix; squamous epithelial cells[High],HPA:0630223,FALSE,7.24E-05,4.140556328,1035,32,14,11006,"A0A024QZZ7,A0A024RCJ2,A0A024RCJ9,A0A024RCL8,A0A2R8Y811,A0A384MTR2,A0A7P0TAW3,P23527,P57053,Q16778,Q5QNW6,Q93079,Q99879,Q99880"
HPA,appendix; glandular cells[High],HPA:0030053,FALSE,0.000116591,3.933334525,1879,32,18,11006,"A0A024QZZ7,A0A024R694,A0A024RCJ2,A0A024RCJ9,A0A024RCL8,A0A2R8Y811,A0A7P0TAW3,A0A804HK76,P23527,P48735,P57053,P68363,Q16778,Q5QNW6,Q71U36,Q93079,Q99879,Q99880"
HPA,salivary gland; glandular cells[High],HPA:0420053,FALSE,0.000154189,3.811947892,1482,32,16,11006,"A0A024QZZ7,A0A024R694,A0A024RCJ2,A0A024RCJ9,A0A024RCL8,A0A804HK76,P23527,P48735,P57053,P68363,Q16778,Q5QNW6,Q71U36,Q93079,Q99879,Q99880"
HPA,stomach 2; glandular cells[High],HPA:0550053,FALSE,0.000191215,3.718476946,2427,32,20,11006,"A0A024QZ30,A0A024QZZ7,A0A024R694,A0A024RCJ2,A0A024RCJ9,A0A024RCL8,A0A2R8Y811,A0A384MTR2,A0A7P0TAW3,A0A804HK76,P23527,P48735,P57053,P68363,Q16778,Q5QNW6,Q71U36,Q93079,Q99879,Q99880"
HPA,testis; peritubular cells[,HPA:0570771,FALSE,0.000217228,3.663083269,646,32,11,11006,"A0A024QZZ7,A0A024RCJ2,A0A024RCJ9,A0A024RCL8,P23527,P57053,Q16778,Q5QNW6,Q93079,Q99879,Q99880"
HPA,adipose tissue; adipocytes[,HPA:0010011,FALSE,0.000232615,3.633363102,3934,32,25,11006,"A0A024QZ30,A0A024QZZ7,A0A024R324,A0A024R3X4,A0A024R694,A0A024RCJ2,A0A024RCJ9,A0A024RCL8,A0A024RD80,A0A2R8Y811,A0A384MTR2,A0A7P0TAW3,A0A804HK76,P23527,P48735,P57053,P60709,P68363,P68371,Q16778,Q5QNW6,Q71U36,Q93079,Q99879,Q99880"
HPA,adipose tissue,HPA:0010000,FALSE,0.000232615,3.633363102,3934,32,25,11006,"A0A024QZ30,A0A024QZZ7,A0A024R324,A0A024R3X4,A0A024R694,A0A024RCJ2,A0A024RCJ9,A0A024RCL8,A0A024RD80,A0A2R8Y811,A0A384MTR2,A0A7P0TAW3,A0A804HK76,P23527,P48735,P57053,P60709,P68363,P68371,Q16778,Q5QNW6,Q71U36,Q93079,Q99879,Q99880"
HPA,testis; spermatogonia cells[High],HPA:0570813,FALSE,0.000260206,3.584682015,1338,32,15,11006,"A0A024QZZ7,A0A024R3X4,A0A024RCJ2,A0A024RCJ9,A0A024RCL8,A0A024RD80,A0A384MEE3,P23527,P48735,P57053,Q16778,Q5QNW6,Q93079,Q99879,Q99880"
HPA,adipose tissue; adipocytes[,HPA:0010012,FALSE,0.000278894,3.554560975,2229,32,19,11006,"A0A024QZZ7,A0A024R324,A0A024R694,A0A024RCJ2,A0A024RCJ9,A0A024RCL8,A0A2R8Y811,A0A384MTR2,A0A7P0TAW3,P23527,P48735,P57053,P68363,Q16778,Q5QNW6,Q71U36,Q93079,Q99879,Q99880"
HPA,testis; preleptotene spermatocytes[High],HPA:0570783,FALSE,0.000280814,3.551581554,663,32,11,11006,"A0A024QZZ7,A0A024RCJ2,A0A024RCJ9,A0A024RCL8,P23527,P57053,Q16778,Q5QNW6,Q93079,Q99879,Q99880"
HPA,endometrium 1; cells in endometrial stroma[,HPA:0160252,FALSE,0.000284963,3.545211677,2232,32,19,11006,"A0A024QZZ7,A0A024R694,A0A024RCJ2,A0A024RCJ9,A0A024RCL8,A0A2R8Y811,A0A384MTR2,A0A7P0TAW3,P23527,P27797,P57053,P60709,P68363,Q16778,Q5QNW6,Q71U36,Q93079,Q99879,Q99880"
HPA,spleen; cells in red pulp[High],HPA:0530713,FALSE,0.000287031,3.542070768,816,32,12,11006,"A0A024QZZ7,A0A024R694,A0A024RCJ2,A0A024RCJ9,A0A024RCL8,P23527,P57053,Q16778,Q5QNW6,Q93079,Q99879,Q99880"
HPA,caudate; glial cells[High],HPA:0080123,FALSE,0.000365584,3.437012436,681,32,11,11006,"A0A024QZZ7,A0A024RCJ2,A0A024RCJ9,A0A024RCL8,P23527,P57053,Q16778,Q5QNW6,Q93079,Q99879,Q99880"
HPA,adrenal gland; glandular cells[High],HPA:0020053,FALSE,0.000420217,3.376525885,2287,32,19,11006,"A0A024QZ30,A0A024QZZ7,A0A024R3X4,A0A024R694,A0A024RCJ2,A0A024RCJ9,A0A024RCL8,A0A024RD80,A0A384MTR2,A0A804HK76,P23527,P57053,P68363,Q16778,Q5QNW6,Q71U36,Q93079,Q99879,Q99880"
HPA,spleen; cells in white pulp[High],HPA:0530723,FALSE,0.000420789,3.375935774,846,32,12,11006,"A0A024QZZ7,A0A024RCJ2,A0A024RCJ9,A0A024RCL8,P23527,P57053,P60709,Q16778,Q5QNW6,Q93079,Q99879,Q99880"
HPA,rectum; glandular cells[High],HPA:0400053,FALSE,0.000510044,3.2923925,2573,32,20,11006,"A0A024QZ30,A0A024QZZ7,A0A024R694,A0A024RCJ2,A0A024RCJ9,A0A024RCL8,A0A2R8Y811,A0A384MTR2,A0A7P0TAW3,A0A804HK76,P23527,P48735,P57053,P68363,Q16778,Q5QNW6,Q71U36,Q93079,Q99879,Q99880"
HPA,esophagus; squamous epithelial cells[High],HPA:0190223,FALSE,0.000677229,3.169264704,1652,32,16,11006,"A0A024QZZ7,A0A024RCJ2,A0A024RCJ9,A0A024RCL8,A0A2R8Y811,A0A7P0TAW3,P23527,P48735,P57053,P68363,Q16778,Q5QNW6,Q71U36,Q93079,Q99879,Q99880"
HPA,endometrium 2; cells in endometrial stroma[,HPA:0170251,FALSE,0.000797176,3.098445591,3511,32,23,11006,"A0A024QZ30,A0A024QZZ7,A0A024R324,A0A024R694,A0A024RCJ2,A0A024RCJ9,A0A024RCL8,A0A024RD80,A0A2R8Y811,A0A384MTR2,A0A7P0TAW3,P23527,P48735,P57053,P60709,P68363,P68371,Q16778,Q5QNW6,Q71U36,Q93079,Q99879,Q99880"
HPA,cerebral cortex; glial cells[High],HPA:0100123,FALSE,0.000856229,3.0674102,743,32,11,11006,"A0A024QZZ7,A0A024RCJ2,A0A024RCJ9,A0A024RCL8,A0A7P0TAW3,P23527,P57053,Q5QNW6,Q93079,Q99879,Q99880"
HPA,tonsil; squamous epithelial cells[High],HPA:0600223,FALSE,0.000874362,3.05830866,1471,32,15,11006,"A0A024QZZ7,A0A024R694,A0A024RCJ2,A0A024RCJ9,A0A024RCL8,A0A7P0TAW3,A0A804HK76,P23527,P57053,P68363,Q5QNW6,Q71U36,Q93079,Q99879,Q99880"
HPA,testis; sertoli cells[,HPA:0570802,FALSE,0.000941289,3.026277054,1693,32,16,11006,"A0A024QZZ7,A0A024R3X4,A0A024RCJ2,A0A024RCJ9,A0A024RCL8,A0A024RD80,A0A384MEE3,A0A384MTR2,A0A804HK76,P23527,P57053,Q16778,Q5QNW6,Q93079,Q99879,Q99880"
HPA,cerebellum; cells in molecular layer[High],HPA:0090193,FALSE,0.000947421,3.023456798,914,32,12,11006,"A0A024QZZ7,A0A024RCJ2,A0A024RCJ9,A0A024RCL8,A0A024RD80,P23527,P57053,Q16778,Q5QNW6,Q93079,Q99879,Q99880"
HPA,cerebellum; cells in granular layer[High],HPA:0090183,FALSE,0.000949905,3.022319728,751,32,11,11006,"A0A024QZZ7,A0A024RCJ2,A0A024RCJ9,A0A024RCL8,P23527,P57053,Q16778,Q5QNW6,Q93079,Q99879,Q99880"
HPA,skin 1; eccrine glands[High],HPA:0461423,FALSE,0.001046762,2.980152103,89,32,5,11006,"A0A384MTR2,A0A804HK76,P48735,P68363,Q71U36"
HPA,testis; pachytene spermatocytes[,HPA:0570762,FALSE,0.00119957,2.92097454,1724,32,16,11006,"A0A024QZ30,A0A024QZZ7,A0A024R3X4,A0A024R694,A0A024RCJ2,A0A024RCJ9,A0A024RCL8,A0A384MEE3,A0A7P0TAW3,P23527,P57053,Q16778,Q5QNW6,Q93079,Q99879,Q99880"
HPA,spleen; cells in white pulp[,HPA:0530722,FALSE,0.001240777,2.906306358,2715,32,20,11006,"A0A024QZ30,A0A024QZZ7,A0A024R694,A0A024RCJ2,A0A024RCJ9,A0A024RCL8,A0A024RD80,A0A384MTR2,A0A7P0TAW3,P23527,P57053,P60709,P68363,P68371,Q16778,Q5QNW6,Q71U36,Q93079,Q99879,Q99880"
HPA,endometrium 2; glandular cells[High],HPA:0170053,FALSE,0.001517963,2.818738954,1331,32,14,11006,"A0A024QZZ7,A0A024R694,A0A024RCJ2,A0A024RCJ9,A0A024RCL8,A0A2R8Y811,A0A804HK76,P23527,P57053,Q16778,Q5QNW6,Q93079,Q99879,Q99880"
HPA,soft tissue 2; peripheral nerve[,HPA:0510702,FALSE,0.001532508,2.814597312,1538,32,15,11006,"A0A024QZZ7,A0A024RCJ2,A0A024RCJ9,A0A024RCL8,A0A7P0TAW3,P23527,P48735,P57053,P68363,Q16778,Q5QNW6,Q71U36,Q93079,Q99879,Q99880"
HPA,parathyroid gland; glandular cells[High],HPA:0360053,FALSE,0.001702854,2.768822588,1551,32,15,11006,"A0A024QZ30,A0A024QZZ7,A0A024RCJ2,A0A024RCJ9,A0A024RCL8,A0A2R8Y811,A0A7P0TAW3,A0A804HK76,P23527,P57053,Q16778,Q5QNW6,Q93079,Q99879,Q99880"
HPA,breast; adipocytes[,HPA:0050011,FALSE,0.001827542,2.738132636,2780,32,20,11006,"A0A024QZ30,A0A024QZZ7,A0A024R324,A0A024RCJ2,A0A024RCJ9,A0A024RCL8,A0A024RD80,A0A2R8Y811,A0A384MTR2,A0A7P0TAW3,P23527,P48735,P57053,P68363,Q16778,Q5QNW6,Q71U36,Q93079,Q99879,Q99880"
HPA,heart muscle; cardiomyocytes[High],HPA:0241103,FALSE,0.002053592,2.687485749,1169,32,13,11006,"A0A024QZ30,A0A024QZZ7,A0A024RCJ2,A0A024RCJ9,A0A024RCL8,P23527,P48735,P57053,Q16778,Q5QNW6,Q93079,Q99879,Q99880"
HPA,small intestine; glandular cells[High],HPA:0480053,FALSE,0.002233363,2.651040706,2544,32,19,11006,"A0A024QZ30,A0A024QZZ7,A0A024R694,A0A024RCJ2,A0A024RCJ9,A0A024RCL8,A0A2R8Y811,A0A384MTR2,A0A804HK76,P23527,P48735,P57053,P68363,Q16778,Q5QNW6,Q71U36,Q93079,Q99879,Q99880"
HPA,smooth muscle; smooth muscle cells[,HPA:0490692,FALSE,0.002548378,2.593736155,3122,32,21,11006,"A0A024QZZ7,A0A024R3X4,A0A024R694,A0A024RCJ2,A0A024RCJ9,A0A024RCL8,A0A024RD80,A0A2R8Y811,A0A384MTR2,J3QRS3,O14950,P23527,P57053,P60709,P68363,Q16778,Q5QNW6,Q71U36,Q93079,Q99879,Q99880"
HPA,skin 2; fibrohistiocytic cells[,HPA:0471442,FALSE,0.002569826,2.590096201,833,32,11,11006,"A0A024QZ30,A0A024R3X4,A0A024RD80,A0A384MTR2,A0A804HK76,P27797,P48735,P60709,P68363,P68371,Q71U36"
HPA,ovary; ovarian stroma cells[,HPA:0340462,FALSE,0.002602809,2.584557626,2063,32,17,11006,"A0A024QZZ7,A0A024R694,A0A024RCJ2,A0A024RCJ9,A0A024RCL8,A0A024RD80,A0A384MTR2,A0A7P0TAW3,P23527,P57053,P68363,Q16778,Q5QNW6,Q71U36,Q93079,Q99879,Q99880"
HPA,caudate; glial cells[,HPA:0080122,FALSE,0.0026178,2.582063615,2311,32,18,11006,"A0A024QZZ7,A0A024R324,A0A024R694,A0A024RCJ2,A0A024RCJ9,A0A024RCL8,A0A024RD80,A0A2R8Y811,A0A7P0TAW3,P23527,P57053,P68363,Q16778,Q5QNW6,Q71U36,Q93079,Q99879,Q99880"
HPA,placenta; decidual cells[High],HPA:0380513,FALSE,0.00294384,2.53108574,1208,32,13,11006,"A0A024R694,A0A024RCJ2,A0A024RCJ9,A0A024RCL8,A0A024RD80,A0A7P0TAW3,P23527,P48735,P57053,Q5QNW6,Q93079,Q99879,Q99880"
HPA,gallbladder; glandular cells[High],HPA:0220053,FALSE,0.003099727,2.508676539,2872,32,20,11006,"A0A024QZ30,A0A024QZZ7,A0A024R694,A0A024RCJ2,A0A024RCJ9,A0A024RCL8,A0A2R8Y811,A0A384MTR2,A0A7P0TAW3,A0A804HK76,P23527,P57053,P60709,P68363,Q16778,Q5QNW6,Q71U36,Q93079,Q99879,Q99880"
HPA,testis; round or early spermatids[,HPA:0570791,FALSE,0.003350976,2.474828632,2101,32,17,11006,"A0A024QZZ7,A0A024R3X4,A0A024R694,A0A024RCJ2,A0A024RCJ9,A0A024RCL8,A0A384MEE3,A0A7P0TAW3,P23527,P57053,P68371,Q16778,Q5QNW6,Q93079,Q99879,Q99880"
HPA,thyroid gland; glandular cells[High],HPA:0590053,FALSE,0.003812436,2.418797392,1882,32,16,11006,"A0A024QZZ7,A0A024R694,A0A024RCJ2,A0A024RCJ9,A0A024RCL8,A0A804HK76,P23527,P27797,P57053,P68363,Q16778,Q5QNW6,Q71U36,Q93079,Q99879,Q99880"
HPA,testis; spermatogonia cells[,HPA:0570812,FALSE,0.003874023,2.411837807,2374,32,18,11006,"A0A024QZZ7,A0A024R3X4,A0A024RCJ2,A0A024RCJ9,A0A024RCL8,A0A024RD80,A0A384MEE3,A0A384MTR2,A0A7P0TAW3,P23527,P48735,P57053,P68371,Q16778,Q5QNW6,Q93079,Q99879,Q99880"
HPA,skin 2; epidermal cells[High],HPA:0470683,FALSE,0.003875955,2.411621293,1048,32,12,11006,"A0A024QZZ7,A0A024R694,A0A024RCJ2,A0A024RCJ9,A0A024RCL8,P23527,P57053,Q16778,Q5QNW6,Q93079,Q99879,Q99880"
HPA,skeletal muscle; myocytes[High],HPA:0440343,FALSE,0.004008296,2.39704026,873,32,11,11006,"A0A024QZZ7,A0A024RCJ2,A0A024RCJ9,A0A024RCL8,P23527,P57053,Q16778,Q5QNW6,Q93079,Q99879,Q99880"
HPA,testis; pachytene spermatocytes[,HPA:0570761,FALSE,0.004457342,2.350924069,2145,32,17,11006,"A0A024QZ30,A0A024QZZ7,A0A024R3X4,A0A024R694,A0A024RCJ2,A0A024RCJ9,A0A024RCL8,A0A384MEE3,A0A7P0TAW3,P23527,P57053,P68371,Q16778,Q5QNW6,Q93079,Q99879,Q99880"
HPA,colon; glandular cells[High],HPA:0130053,FALSE,0.004993503,2.301594664,2416,32,18,11006,"A0A024QZZ7,A0A024R694,A0A024RCJ2,A0A024RCJ9,A0A024RCL8,A0A2R8Y811,A0A7P0TAW3,A0A804HK76,P23527,P48735,P57053,P68363,Q16778,Q5QNW6,Q71U36,Q93079,Q99879,Q99880"
HPA,placenta; trophoblastic cells[High],HPA:0380523,FALSE,0.005394974,2.268010671,1933,32,16,11006,"A0A024R694,A0A024RCJ2,A0A024RCJ9,A0A024RCL8,A0A024RD80,A0A2R8Y811,A0A7P0TAW3,P23527,P48735,P57053,P68363,Q16778,Q5QNW6,Q93079,Q99879,Q99880"
HPA,soft tissue 1; fibroblasts[,HPA:0500652,FALSE,0.006281277,2.201952036,2722,32,19,11006,"A0A024QZZ7,A0A024R694,A0A024RCJ2,A0A024RCJ9,A0A024RCL8,A0A024RD80,A0A2R8Y811,A0A384MTR2,A0A7P0TAW3,P23527,P48735,P57053,P68363,Q16778,Q5QNW6,Q71U36,Q93079,Q99879,Q99880"
HPA,lymph node; germinal center cells[,HPA:0310432,FALSE,0.006396545,2.194054512,3297,32,21,11006,"A0A024QZZ7,A0A024R694,A0A024RCJ2,A0A024RCJ9,A0A024RCL8,A0A024RD80,A0A2R8Y811,A0A384MTR2,A0A7P0TAW3,P23527,P48735,P57053,P60709,P68363,P68371,Q16778,Q5QNW6,Q71U36,Q93079,Q99879,Q99880"
HPA,pancreas; exocrine glandular cells[High],HPA:0350473,FALSE,0.006410683,2.193095731,1959,32,16,11006,"A0A024QZ30,A0A024QZZ7,A0A024R694,A0A024RCJ2,A0A024RCJ9,A0A024RCL8,A0A2R8Y811,P23527,P57053,P68363,Q16778,Q5QNW6,Q71U36,Q93079,Q99879,Q99880"
HPA,cerebral cortex; endothelial cells[,HPA:0100201,FALSE,0.00712969,2.146929354,4633,32,25,11006,"A0A024QZ30,A0A024QZZ7,A0A024R324,A0A024R694,A0A024RCJ2,A0A024RCJ9,A0A024RCL8,A0A024RD80,A0A2R8Y811,A0A384MEE3,A0A384MTR2,A0A7P0TAW3,A0A804HK76,J3QRS3,P23527,P48735,P57053,P60709,P68363,Q16778,Q5QNW6,Q71U36,Q93079,Q99879,Q99880"
HPA,testis; Leydig cells[High],HPA:0570733,FALSE,0.008413957,2.074999699,1766,32,15,11006,"A0A024QZ30,A0A024QZZ7,A0A024R3X4,A0A024RCJ2,A0A024RCJ9,A0A024RCL8,A0A384MTR2,A0A804HK76,P23527,P57053,Q16778,Q5QNW6,Q93079,Q99879,Q99880"
HPA,ovary; ovarian stroma cells[,HPA:0340461,FALSE,0.008418524,2.074764069,3981,32,23,11006,"A0A024QZ30,A0A024QZZ7,A0A024R324,A0A024R3X4,A0A024R694,A0A024RCJ2,A0A024RCJ9,A0A024RCL8,A0A024RD80,A0A2R8Y811,A0A384MTR2,A0A7P0TAW3,A0A804HK76,P23527,P57053,P68363,P68371,Q16778,Q5QNW6,Q71U36,Q93079,Q99879,Q99880"
HPA,hippocampus; glial cells[,HPA:0250122,FALSE,0.008472572,2.071984734,2002,32,16,11006,"A0A024QZZ7,A0A024R324,A0A024RCJ2,A0A024RCJ9,A0A024RCL8,A0A024RD80,A0A7P0TAW3,P23527,P57053,P68363,Q16778,Q5QNW6,Q71U36,Q93079,Q99879,Q99880"
HPA,breast; glandular cells[,HPA:0050051,FALSE,0.008563611,2.067343057,6805,32,30,11006,"A0A024QZ30,A0A024QZZ7,A0A024R324,A0A024R3X4,A0A024R694,A0A024RCJ2,A0A024RCJ9,A0A024RCL8,A0A024RD80,A0A2R8Y811,A0A384MEE3,A0A384MTR2,A0A7P0TAW3,A0A804HK76,J3QRS3,K9JA46,O14950,P23527,P27797,P48735,P57053,P60709,P68363,P68371,Q16778,Q5QNW6,Q71U36,Q93079,Q99879,Q99880"
HPA,vagina; squamous epithelial cells[High],HPA:0620223,FALSE,0.008807925,2.055126404,1137,32,12,11006,"A0A024QZZ7,A0A024RCJ2,A0A024RCJ9,A0A024RCL8,A0A2R8Y811,P23527,P57053,Q16778,Q5QNW6,Q93079,Q99879,Q99880"
HPA,skin 2; langerhans cells[,HPA:0471461,FALSE,0.010225089,1.990332922,789,32,10,11006,"A0A024R3X4,A0A024RD80,A0A384MTR2,A0A804HK76,J3QRS3,P48735,P60709,P68363,P68371,Q71U36"
HPA,skin 1; melanocytes[,HPA:0460672,FALSE,0.010347394,1.985169015,3703,32,22,11006,"A0A024QZ30,A0A024QZZ7,A0A024R324,A0A024R3X4,A0A024R694,A0A024RCJ2,A0A024RCJ9,A0A024RCL8,A0A024RD80,A0A2R8Y811,A0A384MTR2,A0A7P0TAW3,P23527,P48735,P57053,P68363,Q16778,Q5QNW6,Q71U36,Q93079,Q99879,Q99880"
HPA,endometrium 2; cells in endometrial stroma[,HPA:0170252,FALSE,0.010448621,1.980941021,1798,32,15,11006,"A0A024QZZ7,A0A024R694,A0A024RCJ2,A0A024RCJ9,A0A024RCL8,A0A2R8Y811,A0A7P0TAW3,P23527,P57053,P60709,Q16778,Q5QNW6,Q93079,Q99879,Q99880"
HPA,testis; sertoli cells[,HPA:0570801,FALSE,0.010839826,1.964977676,2290,32,17,11006,"A0A024QZZ7,A0A024R3X4,A0A024RCJ2,A0A024RCJ9,A0A024RCL8,A0A024RD80,A0A384MEE3,A0A384MTR2,A0A804HK76,P23527,P27797,P57053,Q16778,Q5QNW6,Q93079,Q99879,Q99880"
HPA,duodenum; glandular cells[High],HPA:0150053,FALSE,0.014301146,1.84462917,2601,32,18,11006,"A0A024QZ30,A0A024QZZ7,A0A024RCJ2,A0A024RCJ9,A0A024RCL8,A0A2R8Y811,A0A384MTR2,A0A804HK76,P23527,P48735,P57053,P68363,Q16778,Q5QNW6,Q71U36,Q93079,Q99879,Q99880"
HPA,breast; myoepithelial cells[,HPA:0050092,FALSE,0.014574178,1.836415924,3777,32,22,11006,"A0A024QZ30,A0A024QZZ7,A0A024R694,A0A024RCJ2,A0A024RCJ9,A0A024RCL8,A0A024RD80,A0A384MTR2,A0A7P0TAW3,J3QRS3,O14950,P23527,P57053,P60709,P68363,P68371,Q16778,Q5QNW6,Q71U36,Q93079,Q99879,Q99880"
HPA,soft tissue 2; fibroblasts[,HPA:0510652,FALSE,0.015340171,1.814169811,2614,32,18,11006,"A0A024QZZ7,A0A024RCJ2,A0A024RCJ9,A0A024RCL8,A0A024RD80,A0A384MTR2,A0A7P0TAW3,P23527,P48735,P57053,P68363,P68371,Q16778,Q5QNW6,Q71U36,Q93079,Q99879,Q99880"
HPA,skin 2; langerhans cells[,HPA:0471462,FALSE,0.015643922,1.805654363,662,32,9,11006,"A0A024R3X4,A0A024RD80,A0A384MTR2,A0A804HK76,P48735,P60709,P68363,P68371,Q71U36"
HPA,skin 2; fibrohistiocytic cells[,HPA:0471441,FALSE,0.017165683,1.765338902,1021,32,11,11006,"A0A024QZ30,A0A024R3X4,A0A024RD80,A0A384MTR2,A0A804HK76,P27797,P48735,P60709,P68363,P68371,Q71U36"
HPA,hippocampus; neuronal cells[,HPA:0250132,FALSE,0.024433674,1.612011231,4222,32,23,11006,"A0A024QZ30,A0A024QZZ7,A0A024R324,A0A024R694,A0A024RCJ2,A0A024RCJ9,A0A024RCL8,A0A024RD80,A0A2R8Y811,A0A384MTR2,A0A7P0TAW3,P23527,P27797,P48735,P57053,P68363,P68371,Q16778,Q5QNW6,Q71U36,Q93079,Q99879,Q99880"
HPA,appendix; lymphoid tissue[,HPA:0030072,FALSE,0.024527563,1.610345596,2983,32,19,11006,"A0A024QZ30,A0A024QZZ7,A0A024R694,A0A024RCJ2,A0A024RCJ9,A0A024RCL8,A0A2R8Y811,A0A7P0TAW3,P23527,P48735,P57053,P68363,P68371,Q16778,Q5QNW6,Q71U36,Q93079,Q99879,Q99880"
HPA,skin 1; cells in basal layer[,HPA:0461391,FALSE,0.02596511,1.585609832,881,32,10,11006,"A0A024QZ30,A0A024R3X4,A0A024RD80,A0A384MTR2,A0A804HK76,J3QRS3,P48735,P68363,P68371,Q71U36"
HPA,skin 1; fibrohistiocytic cells[,HPA:0461441,FALSE,0.026965722,1.569187953,885,32,10,11006,"A0A024QZ30,A0A024R3X4,A0A024RD80,A0A384MTR2,A0A804HK76,P27797,P48735,P60709,P68363,Q71U36"
HPA,bone marrow; hematopoietic cells[,HPA:0040082,FALSE,0.027153629,1.566172114,4247,32,23,11006,"A0A024QZZ7,A0A024R3X4,A0A024R694,A0A024RCJ2,A0A024RCJ9,A0A024RCL8,A0A024RD80,A0A2R8Y811,A0A384MTR2,A0A7P0TAW3,P23527,P27797,P48735,P57053,P60709,P68363,P68371,Q16778,Q5QNW6,Q71U36,Q93079,Q99879,Q99880"
HPA,skin 1; langerhans cells[,HPA:0461461,FALSE,0.028612774,1.543440036,716,32,9,11006,"A0A024R3X4,A0A024RD80,A0A384MTR2,A0A804HK76,J3QRS3,P48735,P68363,P68371,Q71U36"
HPA,pancreas; pancreatic endocrine cells[,HPA:0351182,FALSE,0.029404588,1.531584899,3618,32,21,11006,"A0A024QZ30,A0A024QZZ7,A0A024R324,A0A024R694,A0A024RCJ2,A0A024RCJ9,A0A024RCL8,A0A024RD80,A0A2R8Y811,A0A384MTR2,A0A804HK76,P23527,P57053,P68363,P68371,Q16778,Q5QNW6,Q71U36,Q93079,Q99879,Q99880"
HPA,liver; cholangiocytes[,HPA:0291161,FALSE,0.03254299,1.487542553,3959,32,22,11006,"A0A024QZ30,A0A024QZZ7,A0A024R3X4,A0A024R694,A0A024RCJ2,A0A024RCJ9,A0A024RCL8,A0A024RD80,A0A384MTR2,A0A7P0TAW3,A0A804HK76,P23527,P27797,P57053,P68363,P68371,Q16778,Q5QNW6,Q71U36,Q93079,Q99879,Q99880"
HPA,breast,HPA:0050000,FALSE,0.035681265,1.447559752,7176,32,30,11006,"A0A024QZ30,A0A024QZZ7,A0A024R324,A0A024R3X4,A0A024R694,A0A024RCJ2,A0A024RCJ9,A0A024RCL8,A0A024RD80,A0A2R8Y811,A0A384MEE3,A0A384MTR2,A0A7P0TAW3,A0A804HK76,J3QRS3,K9JA46,O14950,P23527,P27797,P48735,P57053,P60709,P68363,P68371,Q16778,Q5QNW6,Q71U36,Q93079,Q99879,Q99880"
HPA,lymph node; non-germinal center cells[,HPA:0310442,FALSE,0.035732246,1.446939689,3981,32,22,11006,"A0A024QZ30,A0A024QZZ7,A0A024R324,A0A024R694,A0A024RCJ2,A0A024RCJ9,A0A024RCL8,A0A024RD80,A0A2R8Y811,A0A7P0TAW3,P23527,P48735,P57053,P60709,P68363,P68371,Q16778,Q5QNW6,Q71U36,Q93079,Q99879,Q99880"
HPA,ovary; follicle cells[,HPA:0340452,FALSE,0.035938604,1.444438801,2246,32,16,11006,"A0A024QZZ7,A0A024R694,A0A024RCJ2,A0A024RCJ9,A0A024RCL8,A0A2R8Y811,A0A804HK76,P23527,P57053,P68363,Q16778,Q5QNW6,Q71U36,Q93079,Q99879,Q99880"
HPA,skin 1; eccrine glands[,HPA:0461422,FALSE,0.03723937,1.428997675,187,32,5,11006,"A0A384MTR2,A0A804HK76,P48735,P68363,Q71U36"
HPA,skin 1; langerhans cells[,HPA:0461462,FALSE,0.037755816,1.423016134,578,32,8,11006,"A0A024R3X4,A0A024RD80,A0A384MTR2,A0A804HK76,P48735,P68363,P68371,Q71U36"
HPA,soft tissue 1; peripheral nerve[,HPA:0500701,FALSE,0.038278646,1.417043427,2792,32,18,11006,"A0A024QZ30,A0A024QZZ7,A0A024RCJ2,A0A024RCJ9,A0A024RCL8,A0A024RD80,A0A2R8Y811,A0A7P0TAW3,P23527,P57053,P68363,P68371,Q16778,Q5QNW6,Q71U36,Q93079,Q99879,Q99880"
HPA,spleen; cells in white pulp[,HPA:0530721,FALSE,0.038616976,1.413221736,4332,32,23,11006,"A0A024QZ30,A0A024QZZ7,A0A024R324,A0A024R3X4,A0A024R694,A0A024RCJ2,A0A024RCJ9,A0A024RCL8,A0A024RD80,A0A2R8Y811,A0A384MTR2,A0A7P0TAW3,P23527,P57053,P60709,P68363,P68371,Q16778,Q5QNW6,Q71U36,Q93079,Q99879,Q99880"
HPA,kidney; cells in glomeruli[,HPA:0270352,FALSE,0.039777221,1.400365566,3084,32,19,11006,"A0A024QZZ7,A0A024R3X4,A0A024R694,A0A024RCJ2,A0A024RCJ9,A0A024RCL8,A0A2R8Y811,A0A7P0TAW3,A0A804HK76,P23527,P48735,P57053,P68363,Q16778,Q5QNW6,Q71U36,Q93079,Q99879,Q99880"
HPA,lung; alveolar cells[,HPA:0301172,FALSE,0.042796793,1.368588775,1785,32,14,11006,"A0A024QZZ7,A0A024R694,A0A024RCJ2,A0A024RCJ9,A0A024RCL8,A0A2R8Y811,P23527,P57053,P68363,Q16778,Q71U36,Q93079,Q99879,Q99880"
HPA,skin 2; cells in basal layer[,HPA:0471392,FALSE,0.042818661,1.368366916,755,32,9,11006,"A0A024QZ30,A0A024R3X4,A0A024RD80,A0A384MTR2,A0A804HK76,P48735,P68363,P68371,Q71U36"
HPA,testis; preleptotene spermatocytes[,HPA:0570782,FALSE,0.043891983,1.357614798,1340,32,12,11006,"A0A024QZZ7,A0A024RCJ2,A0A024RCJ9,A0A024RCL8,A0A7P0TAW3,P23527,P57053,Q16778,Q5QNW6,Q93079,Q99879,Q99880"
HPA,testis; spermatogonia cells[,HPA:0570811,FALSE,0.044300655,1.353589853,2822,32,18,11006,"A0A024QZZ7,A0A024R3X4,A0A024RCJ2,A0A024RCJ9,A0A024RCL8,A0A024RD80,A0A384MEE3,A0A384MTR2,A0A7P0TAW3,P23527,P48735,P57053,P68371,Q16778,Q5QNW6,Q93079,Q99879,Q99880"
HPA,skin 1; cells in spinous layer[,HPA:0461412,FALSE,0.044509556,1.351546735,592,32,8,11006,"A0A024R3X4,A0A024RD80,A0A384MTR2,A0A804HK76,P48735,P68363,P68371,Q71U36"
HPA,skin 1; cells in spinous layer[,HPA:0461411,FALSE,0.04500767,1.346713467,760,32,9,11006,"A0A024R3X4,A0A024RD80,A0A384MTR2,A0A804HK76,J3QRS3,P48735,P68363,P68371,Q71U36"
HP,Startle-induced seizure,HP:0020214,FALSE,0.049913574,1.301781333,3,18,2,4851,"A0A384MEE3,Q71U36"
